"STATION","DATE","LATITUDE","LONGITUDE","ELEVATION","NAME","CLDD","CLDD_ATTRIBUTES","DP01","DP01_ATTRIBUTES","DP10","DP10_ATTRIBUTES","DP1X","DP1X_ATTRIBUTES","DT00","DT00_ATTRIBUTES","DT32","DT32_ATTRIBUTES","DX32","DX32_ATTRIBUTES","DX70","DX70_ATTRIBUTES","DX90","DX90_ATTRIBUTES","EMNT","EMNT_ATTRIBUTES","EMXP","EMXP_ATTRIBUTES","EMXT","EMXT_ATTRIBUTES","HDSD","HDSD_ATTRIBUTES","HTDD","HTDD_ATTRIBUTES","PRCP","PRCP_ATTRIBUTES","TAVG","TAVG_ATTRIBUTES","TMAX","TMAX_ATTRIBUTES","TMIN","TMIN_ATTRIBUTES"
"UKM00003772","1973-01","51.478","-0.461","25.3","HEATHROW, UK","","","8","4,S","1","4,S","0","4,S","","","","","0","3,S","0","3,S","0","3,S","","","5.1","4,,S,15,","11.0","3,S,30,+","","","","","13.3","4,,,S","","","7.25","3,,,S","",""
"UKM00003772","1973-02","51.478","-0.461","25.3","HEATHROW, UK","","","7","5,S","1","5,S","0","5,S","","","","","0",",S","0",",S","0",",S","","","5.1","5,,S,12,","12.0",",S,20,","","","","","11.2","5,,,S","","","7.93",",,,S","",""
"UKM00003772","1973-03","51.478","-0.461","25.3","HEATHROW, UK","","","9","3,S","1","3,S","0","3,S","","","","","0",",S","0",",S","0",",S","","","3.6","3,,S,06,","17.0",",S,23,","","","","","11.2","3,,,S","","","11.52",",,,S","",""
"UKM00003772","1973-04","51.478","-0.461","25.3","HEATHROW, UK","","","","","","","","","","","","","0",",S","0",",S","0",",S","","","","","18.0",",S,26,","","","","","","","","","12.47",",,,S","",""
"UKM00003772","1973-05","51.478","-0.461","25.3","HEATHROW, UK","","","16","2,S","8","2,S","0","2,S","0","5,S","0","5,S","0","2,S","2","2,S","0","2,S","3.0","5,S,07,","8.1","2,,S,04,","25.0","2,S,27,","","","","","49.5","2,,,S","12.75","6,S","16.93","2,,,S","8.58","5,,,S"
"UKM00003772","1974-01","51.478","-0.461","25.3","HEATHROW, UK","","","18","4,S","7","4,S","0","4,S","","","","","","","","","","","","","9.9","4,,S,13,","","","","","","","50.7","4,,,S","","","","","",""
"UKM00003772","1974-04","51.478","-0.461","25.3","HEATHROW, UK","","","","","","","","","","","","","0","5,S","0","5,S","0","5,S","","","","","21.0","5,S,21,","","","","","","","","","15.00","5,,,S","",""
"UKM00003772","1974-08","51.478","-0.461","25.3","HEATHROW, UK","","","","","","","","","","","","","0","5,S","11","5,S","0","5,S","","","","","25.0","5,S,07,","","","","","","","","","21.50","5,,,S","",""
"UKM00003772","1974-10","51.478","-0.461","25.3","HEATHROW, UK","","","19",",S","9",",S","0",",S","","","","","0","2,S","0","2,S","0","2,S","","","13.0",",,S,16,","14.0","2,S,01,","","","","","73.6",",,,S","","","10.93","2,,,S","",""
"UKM00003772","1974-11","51.478","-0.461","25.3","HEATHROW, UK","","","19","3,S","11","3,S","0","3,S","","","","","0","1,S","0","1,S","0","1,S","","","23.9","3,,S,18,","14.0","1,S,09,","","","","","140.3","3,,,S","","","10.52","1,,,S","",""
"UKM00003772","1974-12","51.478","-0.461","25.3","HEATHROW, UK","","","9","4,S","4","4,S","0","4,S","","","","","","","","","","","","","8.1","4,,S,27,","","","","","","","26.9","4,,,S","","","","","",""
"UKM00003772","1975-01","51.478","-0.461","25.3","HEATHROW, UK","","","18","3,S","10","3,S","0","3,S","","","","","","","","","","","","","19.1","3,,S,18,","","","","","","","86.0","3,,,S","","","","","",""
"UKM00003772","1975-02","51.478","-0.461","25.3","HEATHROW, UK","","","6","2,S","5","2,S","0","2,S","","","","","0","4,S","0","4,S","0","4,S","","","8.9","2,,S,15,","13.0","4,S,27,+","","","","","23.6","2,,,S","","","9.67","4,,,S","",""
"UKM00003772","1975-03","51.478","-0.461","25.3","HEATHROW, UK","","","23","3,S","10","3,S","0","3,S","","","","","0","1,S","0","1,S","0","1,S","","","10.9","3,,S,27,","14.0","1,S,01,","","","","","66.3","3,,,S","","","8.50","1,,,S","",""
"UKM00003772","1975-04","51.478","-0.461","25.3","HEATHROW, UK","","","18","1,S","7","1,S","0","1,S","","","","","0","4,S","0","4,S","0","4,S","","","21.1","1,,S,24,","21.0","4,S,28,+","","","","","66.1","1,,,S","","","13.31","4,,,S","",""
"UKM00003772","1975-05","51.478","-0.461","25.3","HEATHROW, UK","","","10","2,S","4","2,S","1","2,S","","","","","0","1,S","1","1,S","0","1,S","","","30.0","2,,S,17,","22.0","1,S,20,","","","","","56.3","2,,,S","","","15.07","1,,,S","",""
"UKM00003772","1975-06","51.478","-0.461","25.3","HEATHROW, UK","7.2","3,S","4","1,S","2","1,S","0","1,S","0","3,S","0","3,S","0",",S","17",",S","0",",S","3.0","3,S,04,","11.9","1,,S,23,","28.0",",S,12,","","","68.7",",S","21.5","1,,,S","15.86","3,S","21.60",",,,S","10.11","3,,,S"
"UKM00003772","1975-07","51.478","-0.461","25.3","HEATHROW, UK","32.3","4,S","9","1,S","3","1,S","0","1,S","0","4,S","0","4,S","0",",S","27",",S","0",",S","10.0","4,S,24,","11.4","1,,S,08,","31.0",",S,30,","13.8","S","13.8",",S","29.7","1,,,S","18.91","4,S","23.94",",,,S","13.89","4,,,S"
"UKM00003772","1975-08","51.478","-0.461","25.3","HEATHROW, UK","66.0","5,S","10","1,S","3","1,S","0","1,S","0","4,S","0","4,S","0","1,S","25","1,S","3","1,S","9.0","4,S,23,+","3.0","1,,S,16,+","34.0","1,S,08,","24.0","S","10.2","1,S","13.1","1,,,S","20.33","5,S","26.00","1,,,S","14.67","4,,,S"
"UKM00003772","1975-09","51.478","-0.461","25.3","HEATHROW, UK","","","16","2,S","5","2,S","2","2,S","","","","","0","2,S","9","2,S","0","2,S","","","49.0","2,,S,14,","24.0","2,S,08,+","","","","","110.1","2,,,S","","","19.79","2,,,S","",""
"UKM00003772","1975-10","51.478","-0.461","25.3","HEATHROW, UK","","","7","1,S","3","1,S","0","1,S","","","","","0","1,S","0","1,S","0","1,S","","","8.9","1,,S,01,","18.0","1,S,30,+","","","","","19.1","1,,,S","","","14.47","1,,,S","",""
"UKM00003772","1975-11","51.478","-0.461","25.3","HEATHROW, UK","","","16",",S","5",",S","0",",S","","","","","0","4,S","0","4,S","0","4,S","","","18.0",",,S,28,","14.0","4,S,15,+","","","","","55.4",",,,S","","","10.12","4,,,S","",""
"UKM00003772","1975-12","51.478","-0.461","25.3","HEATHROW, UK","","","12",",S","4",",S","0",",S","","","","","1","3,S","0","3,S","0","3,S","","","8.9",",,S,02,","12.0","3,S,31,+","","","","","26.5",",,,S","","","7.96","3,,,S","",""
"UKM00003772","1976-01","51.478","-0.461","25.3","HEATHROW, UK","","","13",",S","2",",S","0",",S","","","","","","","","","","","","","6.1",",,S,04,","","","","","","","18.3",",,,S","","","","","",""
"UKM00003772","1976-02","51.478","-0.461","25.3","HEATHROW, UK","","","13","1,S","1","1,S","0","1,S","","","","","","","","","","","","","7.9","1,,S,12,","","","","","","","16.7","1,,,S","","","","","",""
"UKM00003772","1976-03","51.478","-0.461","25.3","HEATHROW, UK","","","9",",S","2",",S","0",",S","0","5,S","10","5,S","0","1,S","0","1,S","0","1,S","-2.0","5,S,10,+","4.1",",,S,12,","15.0","1,S,31,+","","","","","13.0",",,,S","5.67","6,S","9.33","1,,,S","2.00","5,,,S"
"UKM00003772","1976-04","51.478","-0.461","25.3","HEATHROW, UK","0.0","5,S","7",",S","2",",S","0",",S","0","4,S","4","4,S","0","1,S","0","1,S","0","1,S","-1.0","4,S,08,","6.1",",,S,14,","19.0","1,S,20,+","","","229.8","1,S","11.7",",,,S","8.95","5,S","13.93","1,,,S","3.96","4,,,S"
"UKM00003772","1976-05","51.478","-0.461","25.3","HEATHROW, UK","3.7","5,S","12",",S","3",",S","0",",S","0","5,S","0","5,S","0",",S","7",",S","0",",S","5.0","5,S,15,+","7.1",",,S,20,","29.0",",S,07,","","","115.8",",S","18.6",",,,S","13.88","5,S","19.29",",,,S","8.46","5,,,S"
"UKM00003772","1976-06","51.478","-0.461","25.3","HEATHROW, UK","72.3","2,S","4",",S","1",",S","0",",S","0","2,S","0","2,S","0","1,S","22","1,S","4","1,S","8.0","2,S,03,","4.1",",,S,20,","35.0","1,S,26,","","","31.2","1,S","9.2",",,,S","19.72","2,S","25.72","1,,,S","13.71","2,,,S"
"UKM00003772","1976-07","51.478","-0.461","25.3","HEATHROW, UK","82.7","2,S","3",",S","2",",S","0",",S","0","2,S","0","2,S","0",",S","30",",S","5",",S","11.0","2,S,29,+","10.9",",,S,16,","34.0",",S,03,","7.8","S","7.8",",S","15.2",",,,S","20.74","2,S","26.55",",,,S","14.93","2,,,S"
"UKM00003772","1976-08","51.478","-0.461","25.3","HEATHROW, UK","37.5",",S","3",",S","2",",S","0",",S","0",",S","0",",S","0",",S","27",",S","0",",S","7.0",",S,01,","6.1",",,S,30,","30.0",",S,25,+","23.1","S","15.3",",S","10.9",",,,S","19.05",",S","25.03",",,,S","13.06",",,,S"
"UKM00003772","1976-09","51.478","-0.461","25.3","HEATHROW, UK","","","18",",S","10",",S","0",",S","","","","","0",",S","7",",S","0",",S","","","23.9",",,S,11,","25.0",",S,08,","","","","","83.8",",,,S","","","18.97",",,,S","",""
"UKM00003772","1976-10","51.478","-0.461","25.3","HEATHROW, UK","","","21","1,S","16","1,S","0","1,S","","","","","0","2,S","0","2,S","0","2,S","","","19.1","1,,S,02,","19.0","2,S,09,+","","","","","91.8","1,,,S","","","14.72","2,,,S","",""
"UKM00003772","1976-11","51.478","-0.461","25.3","HEATHROW, UK","","","19",",S","8",",S","0",",S","","","","","0","1,S","0","1,S","0","1,S","","","22.1",",,S,12,","13.0","1,S,06,+","","","","","81.6",",,,S","","","9.90","1,,,S","",""
"UKM00003772","1976-12","51.478","-0.461","25.3","HEATHROW, UK","","","13","1,S","8","1,S","0","1,S","","","","","0","4,S","0","4,S","0","4,S","","","11.9","1,,S,17,","10.0","4,S,22,","","","","","55.0","1,,,S","","","5.15","4,,,S","",""
"UKM00003772","1977-01","51.478","-0.461","25.3","HEATHROW, UK","","","16","1,S","9","1,S","1","1,S","","","","","","","","","","","","","27.9","1,,S,01,","","","","","","","81.0","1,,,S","","","","","",""
"UKM00003772","1977-02","51.478","-0.461","25.3","HEATHROW, UK","","","19","1,S","7","1,S","0","1,S","","","","","0","3,S","0","3,S","0","3,S","","","8.9","1,,S,18,+","12.0","3,S,23,+","","","","","60.1","1,,,S","","","9.36","3,,,S","",""
"UKM00003772","1977-03","51.478","-0.461","25.3","HEATHROW, UK","","","19",",S","5",",S","0",",S","","","","","0","2,S","0","2,S","0","2,S","","","13.0",",,S,14,","18.0","2,S,02,","","","","","55.4",",,,S","","","11.21","2,,,S","",""
"UKM00003772","1977-04","51.478","-0.461","25.3","HEATHROW, UK","","","18","1,S","4","1,S","0","1,S","0","5,S","5","5,S","0","2,S","0","2,S","0","2,S","-2.0","5,S,10,","7.1","1,,S,30,","17.0","2,S,22,","","","","","27.6","1,,,S","7.71","7,S","12.11","2,,,S","3.32","5,,,S"
"UKM00003772","1977-05","51.478","-0.461","25.3","HEATHROW, UK","","","13","2,S","5","2,S","0","2,S","0","5,S","0","5,S","0","2,S","5","2,S","0","2,S","1.0","5,S,01,","7.1","2,,S,03,","24.0","2,S,28,+","","","","","30.1","2,,,S","11.72","7,S","16.59","2,,,S","6.85","5,,,S"
"UKM00003772","1977-06","51.478","-0.461","25.3","HEATHROW, UK","","","14","2,S","6","2,S","0","2,S","0","3,S","0","3,S","0","3,S","1","3,S","0","3,S","6.0","3,S,09,+","16.3","2,,S,14,","24.0","3,S,03,","","","","","64.3","2,,,S","13.50","6,S","17.63","3,,,S","9.37","3,,,S"
"UKM00003772","1977-07","51.478","-0.461","25.3","HEATHROW, UK","","","","","","","","","","","","","0","2,S","14","2,S","0","2,S","","","","","29.0","2,S,06,","","","","","","","","","22.28","2,,,S","",""
"UKM00003772","1977-08","51.478","-0.461","25.3","HEATHROW, UK","","","","","","","","","","","","","0","1,S","8","1,S","0","1,S","","","","","27.0","1,S,02,","","","","","","","","","19.97","1,,,S","",""
"UKM00003772","1977-09","51.478","-0.461","25.3","HEATHROW, UK","0.0","5,S","5",",S","2",",S","0",",S","0","5,S","0","5,S","0","1,S","2","1,S","0","1,S","6.0","5,S,09,","8.1",",,S,02,","22.0","1,S,27,+","","","103.3","1,S","14.7",",,,S","14.15","5,S","18.07","1,,,S","10.24","5,,,S"
"UKM00003772","1977-10","51.478","-0.461","25.3","HEATHROW, UK","","","12","1,S","5","1,S","0","1,S","","","","","0",",S","0",",S","0",",S","","","23.9","1,,S,21,","19.0",",S,19,","","","","","45.3","1,,,S","","","16.16",",,,S","",""
"UKM00003772","1977-11","51.478","-0.461","25.3","HEATHROW, UK","","","16",",S","4",",S","0",",S","","","","","0","3,S","0","3,S","0","3,S","","","15.0",",,S,06,","18.0","3,S,10,","","","","","44.9",",,,S","","","10.48","3,,,S","",""
"UKM00003772","1977-12","51.478","-0.461","25.3","HEATHROW, UK","","","18",",S","7",",S","0",",S","","","","","0","5,S","0","5,S","0","5,S","","","14.2",",,S,08,","15.0","5,S,23,","","","","","59.0",",,,S","","","9.27","5,,,S","",""
"UKM00003772","1978-01","51.478","-0.461","25.3","HEATHROW, UK","","","19","1,S","7","1,S","0","1,S","","","","","","","","","","","","","11.9","1,,S,28,","","","","","","","54.3","1,,,S","","","","","",""
"UKM00003772","1978-02","51.478","-0.461","25.3","HEATHROW, UK","","","15",",S","3",",S","0",",S","","","","","1","2,S","0","2,S","0","2,S","","","9.1",",,S,04,","14.0","2,S,23,","","","","","38.9",",,,S","","","6.08","2,,,S","",""
"UKM00003772","1978-03","51.478","-0.461","25.3","HEATHROW, UK","","","21",",S","10",",S","0",",S","","","","","0","2,S","0","2,S","0","2,S","","","10.9",",,S,16,","17.0","2,S,10,","","","","","64.4",",,,S","","","11.41","2,,,S","",""
"UKM00003772","1978-04","51.478","-0.461","25.3","HEATHROW, UK","","","14","2,S","8","2,S","0","2,S","0","5,S","2","5,S","0","1,S","0","1,S","0","1,S","-2.0","5,S,13,","8.9","2,,S,26,","18.0","1,S,24,","","","","","45.6","2,,,S","7.50","6,S","10.76","1,,,S","4.24","5,,,S"
"UKM00003772","1978-05","51.478","-0.461","25.3","HEATHROW, UK","2.2","5,S","11","1,S","7","1,S","0","1,S","0","2,S","0","2,S","0","4,S","4","4,S","0","4,S","4.0","2,S,03,","19.1","1,,S,06,","27.0","4,S,31,","","","149.3","4,S","77.1","1,,,S","12.61","5,S","17.22","4,,,S","8.00","2,,,S"
"UKM00003772","1978-06","51.478","-0.461","25.3","HEATHROW, UK","6.8","4,S","12",",S","5",",S","0",",S","0","3,S","0","3,S","0","1,S","8","1,S","0","1,S","7.0","3,S,27,+","8.9",",,S,23,","27.0","1,S,01,","","","77.0","1,S","40.6",",,,S","15.35","4,S","20.00","1,,,S","10.70","3,,,S"
"UKM00003772","1978-07","51.478","-0.461","25.3","HEATHROW, UK","6.2","5,S","14",",S","4",",S","1",",S","0","5,S","0","5,S","0",",S","11",",S","0",",S","8.0","5,S,25,","25.9",",,S,31,","26.0",",S,29,+","54.8","S","54.8",",S","57.6",",,,S","16.32","5,S","20.52",",,,S","12.12","5,,,S"
"UKM00003772","1978-08","51.478","-0.461","25.3","HEATHROW, UK","2.5","5,S","11",",S","5",",S","0",",S","0","4,S","0","4,S","0","1,S","11","1,S","0","1,S","7.0","4,S,31,","23.4",",,S,02,","25.0","1,S,21,+","108.5","S","53.7","1,S","61.2",",,,S","16.32","5,S","20.57","1,,,S","12.07","4,,,S"
"UKM00003772","1978-09","51.478","-0.461","25.3","HEATHROW, UK","","","12",",S","2",",S","0",",S","","","","","0","1,S","8","1,S","0","1,S","","","7.9",",,S,28,","25.0","1,S,23,+","","","","","20.8",",,,S","","","19.86","1,,,S","",""
"UKM00003772","1978-10","51.478","-0.461","25.3","HEATHROW, UK","","","7","1,S","0","1,S","0","1,S","","","","","0",",S","5",",S","0",",S","","","0.5","1,,S,17,+","25.0",",S,11,","","","","","2.5","1,,,S","","","17.10",",,,S","",""
"UKM00003772","1978-11","51.478","-0.461","25.3","HEATHROW, UK","","","9","1,S","2","1,S","0","1,S","","","","","0","3,S","0","3,S","0","3,S","","","3.0","1,,S,19,+","18.0","3,S,08,+","","","","","10.4","1,,,S","","","12.70","3,,,S","",""
"UKM00003772","1978-12","51.478","-0.461","25.3","HEATHROW, UK","","","20","1,S","11","1,S","0","1,S","","","","","","","","","","","","","19.1","1,,S,11,","","","","","","","100.0","1,,,S","","","","","",""
"UKM00003772","1979-01","51.478","-0.461","25.3","HEATHROW, UK","","","19","1,S","7","1,S","0","1,S","","","","","","","","","","","","","7.9","1,,S,29,","","","","","","","53.4","1,,,S","","","","","",""
"UKM00003772","1979-02","51.478","-0.461","25.3","HEATHROW, UK","","","11",",S","5",",S","0",",S","","","","","1","4,S","0","4,S","0","4,S","","","8.1",",,S,14,","9.0","4,S,27,+","","","","","39.9",",,,S","","","5.04","4,,,S","",""
"UKM00003772","1979-03","51.478","-0.461","25.3","HEATHROW, UK","","","25",",S","12",",S","0",",S","","","","","0","4,S","0","4,S","0","4,S","","","15.0",",,S,14,","15.0","4,S,25,","","","","","96.5",",,,S","","","9.78","4,,,S","",""
"UKM00003772","1979-04","51.478","-0.461","25.3","HEATHROW, UK","","","17","1,S","5","1,S","1","1,S","","","","","0",",S","2",",S","0",",S","","","35.1","1,,S,08,","22.0",",S,15,+","","","","","76.7","1,,,S","","","12.60",",,,S","",""
"UKM00003772","1979-05","51.478","-0.461","25.3","HEATHROW, UK","1.3","4,S","19","1,S","9","1,S","0","1,S","0","4,S","2","4,S","0",",S","4",",S","0",",S","-1.0","4,S,03,","20.1","1,,S,21,","26.0",",S,15,+","","","191.3",",S","86.4","1,,,S","11.29","4,S","15.81",",,,S","6.78","4,,,S"
"UKM00003772","1979-06","51.478","-0.461","25.3","HEATHROW, UK","","","12",",S","6",",S","0",",S","","","","","0",",S","3",",S","0",",S","","","8.4",",,S,13,","26.0",",S,20,","","","","","42.2",",,,S","","","18.97",",,,S","",""
"UKM00003772","1979-07","51.478","-0.461","25.3","HEATHROW, UK","","","4",",S","3",",S","0",",S","","","","","0",",S","17",",S","0",",S","","","8.9",",,S,29,","30.0",",S,27,","","","","","20.5",",,,S","","","22.45",",,,S","",""
"UKM00003772","1979-08","51.478","-0.461","25.3","HEATHROW, UK","","","13","3,S","4","3,S","0","3,S","0","4,S","0","4,S","0","2,S","12","2,S","0","2,S","6.0","4,S,28,","14.0","3,,S,09,","26.0","2,S,30,","","","","","34.3","3,,,S","16.52","6,S","21.03","2,,,S","12.00","4,,,S"
"UKM00003772","1979-09","51.478","-0.461","25.3","HEATHROW, UK","2.2","3,S","7",",S","4",",S","0",",S","0","3,S","0","3,S","0",",S","9",",S","0",",S","4.0","3,S,23,+","9.9",",,S,19,","26.0",",S,06,","","","91.7",",S","21.5",",,,S","14.95","3,S","19.60",",,,S","10.30","3,,,S"
"UKM00003772","1979-10","51.478","-0.461","25.3","HEATHROW, UK","","","14",",S","5",",S","0",",S","","","","","0","1,S","1","1,S","0","1,S","","","21.1",",,S,10,","22.0","1,S,08,","","","","","69.4",",,,S","","","16.50","1,,,S","",""
"UKM00003772","1979-11","51.478","-0.461","25.3","HEATHROW, UK","","","18","1,S","6","1,S","0","1,S","","","","","0","4,S","0","4,S","0","4,S","","","9.1","1,,S,27,","15.0","4,S,27,+","","","","","50.3","1,,,S","","","11.08","4,,,S","",""
"UKM00003772","1979-12","51.478","-0.461","25.3","HEATHROW, UK","","","22",",S","7",",S","1",",S","","","","","","","","","","","","","31.0",",,S,28,","","","","","","","89.8",",,,S","","","","","",""
"UKM00003772","1980-01","51.478","-0.461","25.3","HEATHROW, UK","","","9","3,S","4","3,S","0","3,S","","","","","0","4,S","0","4,S","0","4,S","","","8.9","3,,S,21,","11.0","4,S,30,+","","","","","26.8","3,,,S","","","6.00","4,,,S","",""
"UKM00003772","1980-02","51.478","-0.461","25.3","HEATHROW, UK","","","13",",S","6",",S","0",",S","","","","","0","4,S","0","4,S","0","4,S","","","5.1",",,S,03,+","13.0","4,S,25,+","","","","","37.3",",,,S","","","9.92","4,,,S","",""
"UKM00003772","1980-03","51.478","-0.461","25.3","HEATHROW, UK","","","15","1,S","11","1,S","0","1,S","","","","","0","1,S","0","1,S","0","1,S","","","9.1","1,,S,17,","14.0","1,S,28,","","","","","68.8","1,,,S","","","9.20","1,,,S","",""
"UKM00003772","1980-04","51.478","-0.461","25.3","HEATHROW, UK","","","10",",S","2",",S","0",",S","","","","","0",",S","0",",S","0",",S","","","14.0",",,S,01,","21.0",",S,15,+","","","","","22.0",",,,S","","","13.93",",,,S","",""
"UKM00003772","1980-05","51.478","-0.461","25.3","HEATHROW, UK","0.0","4,S","4","2,S","1","2,S","0","2,S","0","3,S","1","3,S","0","2,S","4","2,S","0","2,S","0.0","3,S,23,","18.0","2,,S,31,","26.0","2,S,12,","","","165.5","2,S","20.3","2,,,S","12.14","4,S","17.38","2,,,S","6.89","3,,,S"
"UKM00003772","1980-06","51.478","-0.461","25.3","HEATHROW, UK","9.7","3,S","18",",S","11",",S","1",",S","0","3,S","0","3,S","0","1,S","5","1,S","0","1,S","7.0","3,S,25,+","39.9",",,S,14,","29.0","1,S,04,","","","91.2","1,S","108.0",",,,S","15.21","3,S","19.72","1,,,S","10.70","3,,,S"
"UKM00003772","1980-07","51.478","-0.461","25.3","HEATHROW, UK","","","17","1,S","8","1,S","0","1,S","","","","","0","1,S","8","1,S","0","1,S","","","16.0","1,,S,26,","28.0","1,S,25,","","","","","66.8","1,,,S","","","19.60","1,,,S","",""
"UKM00003772","1980-08","51.478","-0.461","25.3","HEATHROW, UK","10.8","3,S","11","1,S","4","1,S","0","1,S","0","2,S","0","2,S","0","2,S","17","2,S","0","2,S","7.0","2,S,23,","24.9","1,,S,15,","25.0","2,S,20,+","","","27.7","2,S","53.9","1,,,S","17.60","3,S","21.97","2,,,S","13.24","2,,,S"
"UKM00003772","1980-09","51.478","-0.461","25.3","HEATHROW, UK","","","9","1,S","4","1,S","0","1,S","","","","","0","4,S","6","4,S","0","4,S","","","20.3","1,,S,23,","25.0","4,S,03,","","","","","45.8","1,,,S","","","20.23","4,,,S","",""
"UKM00003772","1980-10","51.478","-0.461","25.3","HEATHROW, UK","","","19",",S","7",",S","1",",S","","","","","0","2,S","0","2,S","0","2,S","","","41.9",",,S,16,","18.0","2,S,27,+","","","","","93.1",",,,S","","","14.00","2,,,S","",""
"UKM00003772","1980-11","51.478","-0.461","25.3","HEATHROW, UK","","","16",",S","3",",S","0",",S","","","","","","","","","","","","","8.9",",,S,15,","","","","","","","28.8",",,,S","","","","","",""
"UKM00003772","1980-12","51.478","-0.461","25.3","HEATHROW, UK","","","16",",S","3",",S","0",",S","","","","","","","","","","","","","9.9",",,S,20,","","","","","","","34.3",",,,S","","","","","",""
"UKM00003772","1981-01","51.478","-0.461","25.3","HEATHROW, UK","","","15","1,S","5","1,S","0","1,S","","","","","0","3,S","0","3,S","0","3,S","","","5.3","1,,S,06,","13.0","3,S,23,","","","","","28.2","1,,,S","","","7.57","3,,,S","",""
"UKM00003772","1981-02","51.478","-0.461","25.3","HEATHROW, UK","","","4","2,S","1","2,S","0","2,S","","","","","0","2,S","0","2,S","0","2,S","","","7.1","2,,S,28,","14.0","2,S,06,","","","","","9.9","2,,,S","","","7.31","2,,,S","",""
"UKM00003772","1981-03","51.478","-0.461","25.3","HEATHROW, UK","","","22","1,S","14","1,S","0","1,S","","","","","0","3,S","0","3,S","0","3,S","","","7.1","1,,S,22,","18.0","3,S,28,","","","","","78.7","1,,,S","","","11.96","3,,,S","",""
"UKM00003772","1981-04","51.478","-0.461","25.3","HEATHROW, UK","0.0","5,S","10",",S","5",",S","0",",S","0","5,S","1","5,S","0",",S","1",",S","0",",S","-1.0","5,S,28,","10.2",",,S,26,","22.0",",S,10,","","","235.3",",S","38.7",",,,S","8.83","5,S","12.90",",,,S","4.76","5,,,S"
"UKM00003772","1981-05","51.478","-0.461","25.3","HEATHROW, UK","0.0","5,S","25",",S","12",",S","0",",S","0","5,S","1","5,S","0",",S","3",",S","0",",S","0.0","5,S,03,","15.0",",,S,25,","22.0",",S,31,+","","","160.2",",S","77.4",",,,S","12.06","5,S","16.16",",,,S","7.96","5,,,S"
"UKM00003772","1981-06","51.478","-0.461","25.3","HEATHROW, UK","","","9","1,S","2","1,S","0","1,S","0","5,S","0","5,S","0","2,S","5","2,S","0","2,S","5.0","5,S,29,","24.9","1,,S,02,","27.0","2,S,14,","","","","","39.7","1,,,S","14.18","7,S","18.39","2,,,S","9.96","5,,,S"
"UKM00003772","1981-07","51.478","-0.461","25.3","HEATHROW, UK","","","8","1,S","4","1,S","0","1,S","","","","","0",",S","18",",S","0",",S","","","19.1","1,,S,22,","28.0",",S,08,","","","","","40.9","1,,,S","","","21.94",",,,S","",""
"UKM00003772","1981-08","51.478","-0.461","25.3","HEATHROW, UK","19.8","4,S","8",",S","3",",S","2",",S","0","3,S","0","3,S","0","1,S","19","1,S","0","1,S","9.0","3,S,21,+","37.1",",,S,06,","29.0","1,S,05,","","","24.3","1,S","74.2",",,,S","18.09","4,S","23.03","1,,,S","13.14","3,,,S"
"UKM00003772","1981-09","51.478","-0.461","25.3","HEATHROW, UK","","","16",",S","10",",S","0",",S","","","","","0",",S","9",",S","0",",S","","","20.1",",,S,20,","25.0",",S,10,+","","","","","97.0",",,,S","","","20.23",",,,S","",""
"UKM00003772","1981-10","51.478","-0.461","25.3","HEATHROW, UK","","","24",",S","12",",S","0",",S","","","","","0","3,S","0","3,S","0","3,S","","","16.0",",,S,20,","20.0","3,S,01,","","","","","88.2",",,,S","","","13.00","3,,,S","",""
"UKM00003772","1981-11","51.478","-0.461","25.3","HEATHROW, UK","","","17",",S","5",",S","0",",S","","","","","0","3,S","0","3,S","0","3,S","","","8.9",",,S,17,","17.0","3,S,01,","","","","","36.1",",,,S","","","11.22","3,,,S","",""
"UKM00003772","1981-12","51.478","-0.461","25.3","HEATHROW, UK","","","16","3,S","6","3,S","1","3,S","","","","","","","","","","","","","52.1","3,,S,24,","","","","","","","98.0","3,,,S","","","","","",""
"UKM00003772","1982-07","51.478","-0.461","25.3","HEATHROW, UK","","","","","","","","","","","","","0","5,S","18","5,S","0","5,S","","","","","28.4","5,S,08,","","","","","","","","","22.51","5,,,S","",""
"UKM00003772","1983-02","51.478","-0.461","25.3","HEATHROW, UK","","","13","3,S","6","3,S","0","3,S","","","","","","","","","","","","","8.9","3,,S,11,","","","","","","","35.4","3,,,S","","","","","",""
"UKM00003772","1983-05","51.478","-0.461","25.3","HEATHROW, UK","","","","","","","","","","","","","0","3,S","1","3,S","0","3,S","","","","","22.6","3,S,31,","","","","","","","","","15.39","3,,,S","",""
"UKM00003772","1983-08","51.478","-0.461","25.3","HEATHROW, UK","","","2","4,S","2","4,S","0","4,S","","","","","","","","","","","","","18.0","4,,S,01,","","","","","","","27.9","4,,,S","","","","","",""
"UKM00003772","1983-11","51.478","-0.461","25.3","HEATHROW, UK","","","8","5,S","2","5,S","1","5,S","","","","","","","","","","","","","25.9","5,,S,27,","","","","","","","37.1","5,,,S","","","","","",""
"UKM00003772","1983-12","51.478","-0.461","25.3","HEATHROW, UK","","","13","5,S","7","5,S","0","5,S","","","","","","","","","","","","","8.9","5,,S,19,+","","","","","","","48.2","5,,,S","","","","","",""
"UKM00003772","1984-02","51.478","-0.461","25.3","HEATHROW, UK","","","13","3,S","5","3,S","0","3,S","","","","","","","","","","","","","8.9","3,,S,22,","","","","","","","32.7","3,,,S","","","","","",""
"UKM00003772","1984-03","51.478","-0.461","25.3","HEATHROW, UK","","","9","5,S","5","5,S","1","5,S","","","","","","","","","","","","","30.0","5,,S,24,","","","","","","","62.6","5,,,S","","","","","",""
"UKM00003772","1984-04","51.478","-0.461","25.3","HEATHROW, UK","","","","","","","","","","","","","0","5,S","3","5,S","0","5,S","","","","","22.2","5,S,25,","","","","","","","","","14.14","5,,,S","",""
"UKM00003772","1984-07","51.478","-0.461","25.3","HEATHROW, UK","","","8","3,S","4","3,S","0","3,S","","","","","","","","","","","","","6.1","3,,S,15,","","","","","","","21.0","3,,,S","","","","","",""
"UKM00003772","1985-02","51.478","-0.461","25.3","HEATHROW, UK","","","3","5,S","3","5,S","0","5,S","","","","","","","","","","","","","9.9","5,,S,08,","","","","","","","23.6","5,,,S","","","","","",""
"UKM00003772","1985-04","51.478","-0.461","25.3","HEATHROW, UK","","","","","","","","","","","","","0","5,S","0","5,S","0","5,S","","","","","20.2","5,S,19,","","","","","","","","","14.30","5,,,S","",""
"UKM00003772","1985-06","51.478","-0.461","25.3","HEATHROW, UK","","","","","","","","","","","","","0","3,S","6","3,S","0","3,S","","","","","25.0","3,S,03,","","","","","","","","","18.73","3,,,S","",""
"UKM00003772","1986-04","51.478","-0.461","25.3","HEATHROW, UK","","","20","4,S","10","4,S","0","4,S","","","","","","","","","","","","","10.9","4,,S,20,","","","","","","","63.6","4,,,S","","","","","",""
"UKM00003772","1986-06","51.478","-0.461","25.3","HEATHROW, UK","","","","","","","","","","","","","0","3,S","12","3,S","0","3,S","","","","","30.6","3,S,30,","","","","","","","","","21.73","3,,,S","",""
"UKM00003772","1986-07","51.478","-0.461","25.3","HEATHROW, UK","","","","","","","","","","","","","0","4,S","19","4,S","0","4,S","","","","","29.1","4,S,15,","","","","","","","","","22.62","4,,,S","",""
"UKM00003772","1986-08","51.478","-0.461","25.3","HEATHROW, UK","","","","","","","","","","","","","0","5,S","11","5,S","0","5,S","","","","","25.0","5,S,10,","","","","","","","","","20.18","5,,,S","",""
"UKM00003772","1987-07","51.478","-0.461","25.3","HEATHROW, UK","","","12","4,S","8","4,S","0","4,S","","","","","","","","","","","","","17.0","4,,S,29,","","","","","","","75.3","4,,,S","","","","","",""
"UKM00003772","1987-08","51.478","-0.461","25.3","HEATHROW, UK","","","","","","","","","","","","","0","4,S","17","4,S","0","4,S","","","","","29.2","4,S,21,","","","","","","","","","22.13","4,,,S","",""
"UKM00003772","1988-04","51.478","-0.461","25.3","HEATHROW, UK","","","","","","","","","","","","","0","5,S","0","5,S","0","5,S","","","","","17.2","5,S,20,+","","","","","","","","","13.41","5,,,S","",""
"UKM00003772","1988-09","51.478","-0.461","25.3","HEATHROW, UK","","","","","","","","","","","","","0","5,S","5","5,S","0","5,S","","","","","26.2","5,S,07,","","","","","","","","","18.99","5,,,S","",""
"UKM00003772","1989-02","51.478","-0.461","25.3","HEATHROW, UK","","","","","","","","","","","","","0","5,S","0","5,S","0","5,S","","","","","15.0","5,S,06,","","","","","","","","","10.39","5,,,S","",""
"UKM00003772","1989-04","51.478","-0.461","25.3","HEATHROW, UK","","","15","5,S","7","5,S","0","5,S","","","","","","","","","","","","","18.5","5,,S,05,","","","","","","","63.8","5,,,S","","","","","",""
"UKM00003772","1990-03","51.478","-0.461","25.3","HEATHROW, UK","","","","","","","","","","","","","0","1,S","2","1,S","0","1,S","","","","","22.0","1,S,17,","","","","","","","","","13.52","1,,,S","",""
"UKM00003772","1990-05","51.478","-0.461","25.3","HEATHROW, UK","","","3","4,S","1","4,S","0","4,S","","","","","0","4,S","11","4,S","0","4,S","","","4.3","4,,S,10,","28.1","4,S,03,","","","","","5.1","4,,,S","","","20.48","4,,,S","",""
"UKM00003772","1990-06","51.478","-0.461","25.3","HEATHROW, UK","","","","","","","","","","","","","0","3,S","9","3,S","0","3,S","","","","","25.1","3,S,27,","","","","","","","","","19.67","3,,,S","",""
"UKM00003772","1990-08","51.478","-0.461","25.3","HEATHROW, UK","","","","","","","","","0","5,S","0","5,S","0","5,S","24","5,S","4","5,S","10.4","5,S,31,+","","","36.5","5,S,03,","","","","","","","20.46","0,S","26.12","5,,,S","14.80","5,,,S"
"UKM00003772","1991-09","51.478","-0.461","25.3","HEATHROW, UK","","","8","5,S","7","5,S","0","5,S","","","","","","","","","","","","","9.9","5,,S,29,","","","","","","","39.2","5,,,S","","","","","",""
"UKM00003772","1992-04","51.478","-0.461","25.3","HEATHROW, UK","","","","","","","","","","","","","0","4,S","0","4,S","0","4,S","","","","","18.5","4,S,20,+","","","","","","","","","14.08","4,,,S","",""
"UKM00003772","1992-05","51.478","-0.461","25.3","HEATHROW, UK","","","","","","","","","","","","","0","4,S","12","4,S","0","4,S","","","","","27.3","4,S,24,","","","","","","","","","20.59","4,,,S","",""
"UKM00003772","1992-07","51.478","-0.461","25.3","HEATHROW, UK","","","","","","","","","","","","","0","4,S","18","4,S","0","4,S","","","","","26.6","4,S,30,+","","","","","","","","","22.44","4,,,S","",""
"UKM00003772","1992-08","51.478","-0.461","25.3","HEATHROW, UK","","","","","","","","","","","","","0","5,S","14","5,S","0","5,S","","","","","25.2","5,S,08,","","","","","","","","","21.38","5,,,S","",""
"UKM00003772","1992-09","51.478","-0.461","25.3","HEATHROW, UK","","","","","","","","","","","","","0","5,S","5","5,S","0","5,S","","","","","23.6","5,S,27,","","","","","","","","","18.89","5,,,S","",""
"UKM00003772","1993-06","51.478","-0.461","25.3","HEATHROW, UK","","","","","","","","","","","","","0","5,S","13","5,S","0","5,S","","","","","28.4","5,S,08,","","","","","","","","","22.23","5,,,S","",""
"UKM00003772","1993-07","51.478","-0.461","25.3","HEATHROW, UK","12.4","5,S","","","","","","","0","4,S","0","4,S","0","1,S","16","1,S","0","1,S","6.7","4,S,10,","","","28.1","1,S,04,","41.8","S","41.8","1,S","","","17.09","5,S","21.63","1,,,S","12.55","4,,,S"
"UKM00003772","1993-08","51.478","-0.461","25.3","HEATHROW, UK","5.2","5,S","","","","","","","0","5,S","0","5,S","0","1,S","20","1,S","0","1,S","6.2","5,S,25,","","","26.3","1,S,19,","93.0","S","51.2","1,S","","","16.55","5,S","21.79","1,,,S","11.30","5,,,S"
"UKM00003772","1993-09","51.478","-0.461","25.3","HEATHROW, UK","","","","","","","","","","","","","0","3,S","3","3,S","0","3,S","","","","","24.5","3,S,01,","","","","","","","","","17.60","3,,,S","",""
"UKM00003772","1993-10","51.478","-0.461","25.3","HEATHROW, UK","","","","","","","","","","","","","0","2,S","0","2,S","0","2,S","","","","","18.0","2,S,11,","","","","","","","","","12.91","2,,,S","",""
"UKM00003772","1994-03","51.478","-0.461","25.3","HEATHROW, UK","","","","","","","","","","","","","0","1,S","0","1,S","0","1,S","","","","","17.5","1,S,30,","","","","","","","","","12.22","1,,,S","",""
"UKM00003772","1994-04","51.478","-0.461","25.3","HEATHROW, UK","","","","","","","","","","","","","0","1,S","1","1,S","0","1,S","","","","","23.1","1,S,29,","","","","","","","","","13.15","1,,,S","",""
"UKM00003772","1994-05","51.478","-0.461","25.3","HEATHROW, UK","0.0","5,S","","","","","","","0","5,S","0","5,S","0",",S","1",",S","0",",S","3.6","5,S,29,","","","21.3",",S,31,","","","162.6",",S","","","11.95","5,S","16.03",",,,S","7.87","5,,,S"
"UKM00003772","1994-06","51.478","-0.461","25.3","HEATHROW, UK","7.7","5,S","","","","","","","0","4,S","0","4,S","0","1,S","19","1,S","0","1,S","5.5","4,S,05,","","","29.3","1,S,24,","","","53.7","1,S","","","16.28","5,S","21.59","1,,,S","10.97","4,,,S"
"UKM00003772","1994-07","51.478","-0.461","25.3","HEATHROW, UK","","","","","","","","","0","5,S","0","5,S","0","2,S","28","2,S","1","2,S","11.9","5,S,07,","","","33.1","2,S,12,","","","","","","","20.53","6,S","26.30","2,,,S","14.77","5,,,S"
"UKM00003772","1994-08","51.478","-0.461","25.3","HEATHROW, UK","","","","","","","","","","","","","0","1,S","22","1,S","0","1,S","","","","","31.0","1,S,03,","","","","","","","","","22.90","1,,,S","",""
"UKM00003772","1994-09","51.478","-0.461","25.3","HEATHROW, UK","","","","","","","","","","","","","0","3,S","2","3,S","0","3,S","","","","","22.1","3,S,02,","","","","","","","","","18.19","3,,,S","",""
"UKM00003772","1994-10","51.478","-0.461","25.3","HEATHROW, UK","","","","","","","","","","","","","0","2,S","0","2,S","0","2,S","","","","","18.8","2,S,10,","","","","","","","","","15.42","2,,,S","",""
"UKM00003772","1995-03","51.478","-0.461","25.3","HEATHROW, UK","","","","","","","","","","","","","0","4,S","0","4,S","0","4,S","","","","","16.1","4,S,23,+","","","","","","","","","11.24","4,,,S","",""
"UKM00003772","1995-04","51.478","-0.461","25.3","HEATHROW, UK","0.0","5,S","","","","","","","0","4,S","3","4,S","0","3,S","0","3,S","0","3,S","-1.0","4,S,19,","","","20.7","3,S,25,","","","196.2","3,S","","","10.42","5,S","15.24","3,,,S","5.61","4,,,S"
"UKM00003772","1995-05","51.478","-0.461","25.3","HEATHROW, UK","","","","","","","","","0","4,S","0","4,S","0","2,S","9","2,S","0","2,S","2.8","4,S,15,","","","27.1","2,S,07,","","","","","","","13.38","6,S","19.04","2,,,S","7.72","4,,,S"
"UKM00003772","1995-06","51.478","-0.461","25.3","HEATHROW, UK","13.1","4,S","","","","","","","0","3,S","0","3,S","0","1,S","12","1,S","1","1,S","6.9","3,S,09,","","","32.3","1,S,30,","","","77.2","1,S","","","15.67","4,S","20.56","1,,,S","10.79","3,,,S"
"UKM00003772","1995-07","51.478","-0.461","25.3","HEATHROW, UK","74.4","3,S","","","","","","","0","1,S","0","1,S","0","2,S","27","2,S","1","2,S","11.2","1,S,23,","","","32.6","2,S,31,","5.3","S","5.3","2,S","","","20.73","3,S","26.33","2,,,S","15.13","1,,,S"
"UKM00003772","1995-08","51.478","-0.461","25.3","HEATHROW, UK","98.7","4,S","","","","","","","0","3,S","0","3,S","0","1,S","27","1,S","3","1,S","10.6","3,S,30,","","","34.3","1,S,01,","10.3","S","5.0","1,S","","","21.46","4,S","27.21","1,,,S","15.70","3,,,S"
"UKM00003772","1995-09","51.478","-0.461","25.3","HEATHROW, UK","","","","","","","","","","","","","0","1,S","3","1,S","0","1,S","","","","","22.4","1,S,09,","","","","","","","","","19.20","1,,,S","",""
"UKM00003772","1995-10","51.478","-0.461","25.3","HEATHROW, UK","","","","","","","","","","","","","0","3,S","5","3,S","0","3,S","","","","","24.6","3,S,08,","","","","","","","","","18.24","3,,,S","",""
"UKM00003772","1995-11","51.478","-0.461","25.3","HEATHROW, UK","","","","","","","","","","","","","0","2,S","0","2,S","0","2,S","","","","","15.4","2,S,13,","","","","","","","","","12.04","2,,,S","",""
"UKM00003772","1996-02","51.478","-0.461","25.3","HEATHROW, UK","","","","","","","","","","","","","0","2,S","0","2,S","0","2,S","","","","","13.1","2,S,16,","","","","","","","","","6.69","2,,,S","",""
"UKM00003772","1996-03","51.478","-0.461","25.3","HEATHROW, UK","","","","","","","","","","","","","0","3,S","0","3,S","0","3,S","","","","","15.1","3,S,23,","","","","","","","","","8.49","3,,,S","",""
"UKM00003772","1996-04","51.478","-0.461","25.3","HEATHROW, UK","0.0","4,S","","","","","","","0","4,S","3","4,S","0","1,S","2","1,S","0","1,S","-1.5","4,S,02,","","","23.5","1,S,20,","","","223.3","1,S","","","9.77","4,S","14.53","1,,,S","5.02","4,,,S"
"UKM00003772","1996-05","51.478","-0.461","25.3","HEATHROW, UK","1.2","3,S","","","","","","","0","3,S","0","3,S","0",",S","2",",S","0",",S","1.2","3,S,04,","","","26.1",",S,30,","","","232.3",",S","","","10.19","3,S","14.97",",,,S","5.41","3,,,S"
"UKM00003772","1996-06","51.478","-0.461","25.3","HEATHROW, UK","","","","","","","","","0","5,S","0","5,S","0","2,S","21","2,S","0","2,S","7.3","5,S,02,","","","31.8","2,S,07,","","","","","","","16.82","6,S","22.78","2,,,S","10.85","5,,,S"
"UKM00003772","1996-07","51.478","-0.461","25.3","HEATHROW, UK","38.0","3,S","","","","","","","0","3,S","0","3,S","0","2,S","20","2,S","0","2,S","9.8","3,S,17,","","","31.6","2,S,22,","25.6","S","25.6","2,S","","","18.70","3,S","24.29","2,,,S","13.12","3,,,S"
"UKM00003772","1996-08","51.478","-0.461","25.3","HEATHROW, UK","","","","","","","","","0","5,S","0","5,S","0","5,S","20","5,S","0","5,S","8.7","5,S,31,","","","31.4","5,S,19,","","","","","","","18.15","9,S","23.08","5,,,S","13.21","5,,,S"
"UKM00003772","1996-09","51.478","-0.461","25.3","HEATHROW, UK","","","","","","","","","","","","","0",",S","8",",S","0",",S","","","","","23.4",",S,05,","","","","","","","","","19.24",",,,S","",""
"UKM00003772","1996-10","51.478","-0.461","25.3","HEATHROW, UK","","","","","","","","","","","","","0","2,S","0","2,S","0","2,S","","","","","20.5","2,S,23,","","","","","","","","","16.86","2,,,S","",""
"UKM00003772","1996-11","51.478","-0.461","25.3","HEATHROW, UK","","","","","","","","","","","","","0","5,S","0","5,S","0","5,S","","","","","18.1","5,S,02,","","","","","","","","","10.28","5,,,S","",""
"UKM00003772","1997-01","51.478","-0.461","25.3","HEATHROW, UK","","","","","","","","","","","","","3","4,S","0","4,S","0","4,S","","","","","11.2","4,S,25,","","","","","","","","","5.39","4,,,S","",""
"UKM00003772","1997-03","51.478","-0.461","25.3","HEATHROW, UK","0.0","5,S","","","","","","","0","5,S","0","5,S","0",",S","0",",S","0",",S","1.7","5,S,20,","","","17.7",",S,27,","","","231.9",",S","","","9.43","5,S","13.80",",,,S","5.05","5,,,S"
"UKM00003772","1997-04","51.478","-0.461","25.3","HEATHROW, UK","","","","","","","","","","","","","0","2,S","1","2,S","0","2,S","","","","","21.3","2,S,10,","","","","","","","","","15.62","2,,,S","",""
"UKM00003772","1997-05","51.478","-0.461","25.3","HEATHROW, UK","","","","","","","","","","","","","0",",S","9",",S","0",",S","","","","","26.6",",S,17,","","","","","","","","","18.73",",,,S","",""
"UKM00003772","1997-06","51.478","-0.461","25.3","HEATHROW, UK","","","","","","","","","","","","","0",",S","12",",S","0",",S","","","","","26.7",",S,05,","","","","","","","","","20.19",",,,S","",""
"UKM00003772","1997-07","51.478","-0.461","25.3","HEATHROW, UK","30.1","4,S","","","","","","","0","3,S","0","3,S","0","1,S","23","1,S","0","1,S","10.3","3,S,03,","","","27.7","1,S,23,","19.6","S","19.6","1,S","","","18.59","4,S","23.48","1,,,S","13.71","3,,,S"
"UKM00003772","1997-08","51.478","-0.461","25.3","HEATHROW, UK","89.1","2,S","","","","","","","0","2,S","0","2,S","0",",S","28",",S","0",",S","11.6","2,S,28,","","","31.5",",S,10,","25.7","S","6.1",",S","","","21.15","2,S","25.81",",,,S","16.49","2,,,S"
"UKM00003772","1997-10","51.478","-0.461","25.3","HEATHROW, UK","","","","","","","","","","","","","0",",S","4",",S","0",",S","","","","","25.5",",S,01,","","","","","","","","","15.80",",,,S","",""
"UKM00003772","1998-02","51.478","-0.461","25.3","HEATHROW, UK","","","","","","","","","","","","","0","3,S","0","3,S","0","3,S","","","","","18.6","3,S,13,","","","","","","","","","11.86","3,,,S","",""
"UKM00003772","1998-03","51.478","-0.461","25.3","HEATHROW, UK","","","","","","","","","","","","","0",",S","0",",S","0",",S","","","","","17.6",",S,29,","","","","","","","","","11.98",",,,S","",""
"UKM00003772","1998-04","51.478","-0.461","25.3","HEATHROW, UK","","","","","","","","","","","","","0",",S","1",",S","0",",S","","","","","22.2",",S,22,","","","","","","","","","12.60",",,,S","",""
"UKM00003772","1998-05","51.478","-0.461","25.3","HEATHROW, UK","","","","","","","","","","","","","0",",S","14",",S","0",",S","","","","","25.7",",S,15,","","","","","","","","","19.55",",,,S","",""
"UKM00003772","1998-06","51.478","-0.461","25.3","HEATHROW, UK","","","","","","","","","","","","","0",",S","9",",S","0",",S","","","","","28.4",",S,20,","","","","","","","","","19.85",",,,S","",""
"UKM00003772","1998-07","51.478","-0.461","25.3","HEATHROW, UK","","","","","","","","","","","","","0",",S","18",",S","0",",S","","","","","26.3",",S,20,","","","","","","","","","21.41",",,,S","",""
"UKM00003772","1998-08","51.478","-0.461","25.3","HEATHROW, UK","","","","","","","","","0","5,S","0","5,S","0","3,S","20","3,S","0","3,S","8.6","5,S,28,","","","31.2","3,S,10,","","","","","","","17.86","7,S","23.35","3,,,S","12.37","5,,,S"
"UKM00003772","1998-09","51.478","-0.461","25.3","HEATHROW, UK","","","","","","","","","0","4,S","0","4,S","0","5,S","14","5,S","0","5,S","6.9","4,S,12,","","","25.9","5,S,01,","","","","","","","16.65","8,S","20.64","5,,,S","12.66","4,,,S"
"UKM00003772","1998-10","51.478","-0.461","25.3","HEATHROW, UK","","","","","","","","","","","","","0","3,S","0","3,S","0","3,S","","","","","19.1","3,S,21,","","","","","","","","","14.57","3,,,S","",""
"UKM00003772","1999-01","51.478","-0.461","25.3","HEATHROW, UK","","","22","1,S","11","1,S","0","1,S","","","","","","","","","","","","","7.9","1,,S,12,","","","","","","","69.4","1,,,S","","","","","",""
"UKM00003772","1999-02","51.478","-0.461","25.3","HEATHROW, UK","","","21",",S","3",",S","0",",S","","","","","0","2,S","0","2,S","0","2,S","","","5.8",",,S,27,","13.2","2,S,19,","","","","","30.8",",,,S","","","8.95","2,,,S","",""
"UKM00003772","1999-03","51.478","-0.461","25.3","HEATHROW, UK","","","21",",S","4",",S","0",",S","","","","","0","1,S","0","1,S","0","1,S","","","7.1",",,S,03,","19.7","1,S,17,","","","","","35.6",",,,S","","","12.37","1,,,S","",""
"UKM00003772","1999-04","51.478","-0.461","25.3","HEATHROW, UK","","","22","2,S","8","2,S","0","2,S","","","","","0",",S","0",",S","0",",S","","","10.2","2,,S,12,","20.8",",S,30,","","","","","48.5","2,,,S","","","14.93",",,,S","",""
"UKM00003772","1999-05","51.478","-0.461","25.3","HEATHROW, UK","0.7","4,S","21",",S","5",",S","0",",S","0","4,S","0","4,S","0","1,S","7","1,S","0","1,S","6.6","4,S,16,","9.9",",,S,29,","26.4","1,S,27,","","","104.2","1,S","46.7",",,,S","14.48","4,S","19.18","1,,,S","9.79","4,,,S"
"UKM00003772","1999-06","51.478","-0.461","25.3","HEATHROW, UK","","","16","1,S","7","1,S","1","1,S","0","5,S","0","5,S","0","1,S","10","1,S","0","1,S","5.7","5,S,08,","25.9","1,,S,29,","26.7","1,S,26,","","","","","54.5","1,,,S","15.48","6,S","20.24","1,,,S","10.72","5,,,S"
"UKM00003772","1999-07","51.478","-0.461","25.3","HEATHROW, UK","","","11",",S","2",",S","0",",S","0","5,S","0","5,S","0","1,S","26","1,S","0","1,S","9.2","5,S,23,","5.1",",,S,03,","31.3","1,S,31,","","","","","16.3",",,,S","19.41","6,S","24.78","1,,,S","14.04","5,,,S"
"UKM00003772","1999-08","51.478","-0.461","25.3","HEATHROW, UK","","","18",",S","10",",S","2",",S","","","","","0",",S","22",",S","1",",S","","","36.3",",,S,09,","32.7",",S,01,","","","","","131.7",",,,S","","","22.72",",,,S","",""
"UKM00003772","1999-09","51.478","-0.461","25.3","HEATHROW, UK","","","21","4,S","11","4,S","0","4,S","","","","","0","2,S","12","2,S","0","2,S","","","18.8","4,,S,20,","28.5","2,S,11,","","","","","84.1","4,,,S","","","21.76","2,,,S","",""
"UKM00003772","2000-04","51.478","-0.461","25.3","HEATHROW, UK","","","","","","","","","","","","","0","3,S","0","3,S","0","3,S","","","","","18.7","3,S,29,","","","","","","","","","12.86","3,,,S","",""
"UKM00003772","2000-05","51.478","-0.461","25.3","HEATHROW, UK","","","","","","","","","","","","","0","2,S","7","2,S","0","2,S","","","","","26.6","2,S,15,","","","","","","","","","18.20","2,,,S","",""
"UKM00003772","2000-06","51.478","-0.461","25.3","HEATHROW, UK","","","","","","","","","","","","","0","2,S","10","2,S","0","2,S","","","","","31.4","2,S,19,","","","","","","","","","20.98","2,,,S","",""
"UKM00003772","2000-08","51.478","-0.461","25.3","HEATHROW, UK","","","","","","","","","","","","","0","3,S","25","3,S","0","3,S","","","","","27.4","3,S,12,","","","","","","","","","23.30","3,,,S","",""
"UKM00003772","2001-04","51.478","-0.461","25.3","HEATHROW, UK","","","","","","","","","","","","","0","2,S","0","2,S","0","2,S","","","","","19.5","2,S,02,","","","","","","","","","12.80","2,,,S","",""
"UKM00003772","2001-05","51.478","-0.461","25.3","HEATHROW, UK","","","","","","","","","","","","","0","5,S","8","5,S","0","5,S","","","","","26.1","5,S,11,","","","","","","","","","18.73","5,,,S","",""
"UKM00003772","2001-06","51.478","-0.461","25.3","HEATHROW, UK","","","","","","","","","","","","","0","3,S","12","3,S","0","3,S","","","","","29.1","3,S,25,","","","","","","","","","20.51","3,,,S","",""
"UKM00003772","2001-07","51.478","-0.461","25.3","HEATHROW, UK","","","","","","","","","","","","","0",",S","22",",S","0",",S","","","","","31.9",",S,29,","","","","","","","","","24.33",",,,S","",""
"UKM00003772","2001-08","51.478","-0.461","25.3","HEATHROW, UK","","","","","","","","","","","","","0","5,S","20","5,S","0","5,S","","","","","31.5","5,S,25,","","","","","","","","","23.39","5,,,S","",""
"UKM00003772","2002-03","51.478","-0.461","25.3","HEATHROW, UK","","","","","","","","","","","","","0","5,S","0","5,S","0","5,S","","","","","17.4","5,S,30,","","","","","","","","","12.59","5,,,S","",""
"UKM00003772","2002-05","51.478","-0.461","25.3","HEATHROW, UK","","","","","","","","","","","","","0","5,S","2","5,S","0","5,S","","","","","25.1","5,S,16,","","","","","","","","","17.40","5,,,S","",""
"UKM00003772","2002-08","51.478","-0.461","25.3","HEATHROW, UK","","","","","","","","","","","","","0","5,S","23","5,S","0","5,S","","","","","30.0","5,S,17,","","","","","","","","","23.64","5,,,S","",""
"UKM00003772","2002-09","51.478","-0.461","25.3","HEATHROW, UK","","","","","","","","","","","","","0","4,S","10","4,S","0","4,S","","","","","24.6","4,S,13,","","","","","","","","","20.51","4,,,S","",""
"UKM00003772","2003-05","51.478","-0.461","25.3","HEATHROW, UK","","","","","","","","","","","","","0","4,S","3","4,S","0","4,S","","","","","27.2","4,S,30,","","","","","","","","","17.37","4,,,S","",""
"UKM00003772","2003-06","51.478","-0.461","25.3","HEATHROW, UK","","","","","","","","","","","","","0","2,S","26","2,S","0","2,S","","","","","27.5","2,S,16,","","","","","","","","","23.40","2,,,S","",""
"UKM00003772","2003-07","51.478","-0.461","25.3","HEATHROW, UK","","","8","4,S","5","4,S","0","4,S","","","","","","","","","","","","","5.6","4,,S,25,+","","","","","","","25.8","4,,,S","","","","","",""
"UKM00003772","2003-08","51.478","-0.461","25.3","HEATHROW, UK","","","","","","","","","","","","","0","5,S","22","5,S","5","5,S","","","","","37.9","5,S,10,","","","","","","","","","26.34","5,,,S","",""
"UKM00003772","2004-05","51.478","-0.461","25.3","HEATHROW, UK","","","8","5,S","3","5,S","0","5,S","","","","","","","","","","","","","12.7","5,,S,04,","","","","","","","26.9","5,,,S","","","","","",""
"UKM00003772","2004-06","51.478","-0.461","25.3","HEATHROW, UK","","","","","","","","","","","","","0","4,S","15","4,S","0","4,S","","","","","30.5","4,S,08,","","","","","","","","","22.45","4,,,S","",""
"UKM00003772","2004-08","51.478","-0.461","25.3","HEATHROW, UK","","","","","","","","","","","","","0","5,S","21","5,S","0","5,S","","","","","30.5","5,S,08,","","","","","","","","","23.73","5,,,S","",""
"UKM00003772","2005-09","51.478","-0.461","25.3","HEATHROW, UK","","","11",",S","5",",S","0",",S","","","","","","","","","","","","","11.9",",,S,05,","","","","","","","45.5",",,,S","","","","","",""
"UKM00003772","2005-10","51.478","-0.461","25.3","HEATHROW, UK","","","15",",S","7",",S","0",",S","","","","","","","","","","","","","15.2",",,S,20,","","","","","","","69.7",",,,S","","","","","",""
"UKM00003772","2005-11","51.478","-0.461","25.3","HEATHROW, UK","","","22",",S","4",",S","0",",S","","","","","0","4,S","0","4,S","0","4,S","","","6.1",",,S,07,","17.5","4,S,02,","","","","","34.0",",,,S","","","10.80","4,,,S","",""
"UKM00003772","2005-12","51.478","-0.461","25.3","HEATHROW, UK","","","15","1,S","4","1,S","0","1,S","","","","","0","4,S","0","4,S","0","4,S","","","14.5","1,,S,31,","12.6","4,S,16,","","","","","45.6","1,,,S","","","8.21","4,,,S","",""
"UKM00003772","2006-01","51.478","-0.461","25.3","HEATHROW, UK","","","16",",S","2",",S","0",",S","","","","","0","5,S","0","5,S","0","5,S","","","5.1",",,S,09,","11.2","5,S,19,","","","","","17.9",",,,S","","","7.27","5,,,S","",""
"UKM00003772","2006-02","51.478","-0.461","25.3","HEATHROW, UK","","","11",",S","5",",S","0",",S","","","","","0","3,S","0","3,S","0","3,S","","","10.4",",,S,15,","11.9","3,S,15,+","","","","","41.1",",,,S","","","7.65","3,,,S","",""
"UKM00003772","2006-03","51.478","-0.461","25.3","HEATHROW, UK","","","11",",S","6",",S","0",",S","","","","","","","","","","","","","7.9",",,S,09,+","","","","","","","40.3",",,,S","","","","","",""
"UKM00003772","2006-04","51.478","-0.461","25.3","HEATHROW, UK","","","13",",S","5",",S","0",",S","","","","","","","","","","","","","5.6",",,S,02,","","","","","","","27.3",",,,S","","","","","",""
"UKM00003772","2006-05","51.478","-0.461","25.3","HEATHROW, UK","","","23",",S","12",",S","0",",S","","","","","","","","","","","","","14.5",",,S,20,","","","","","","","103.1",",,,S","","","","","",""
"UKM00003772","2006-06","51.478","-0.461","25.3","HEATHROW, UK","","","9",",S","1",",S","0",",S","","","","","","","","","","","","","4.3",",,S,27,","","","","","","","12.2",",,,S","","","","","",""
"UKM00003772","2006-07","51.478","-0.461","25.3","HEATHROW, UK","","","11",",S","3",",S","0",",S","","","","","0","4,S","27","4,S","5","4,S","","","8.6",",,S,28,","35.5","4,S,19,","","","","","23.7",",,,S","","","28.58","4,,,S","",""
"UKM00003772","2006-08","51.478","-0.461","25.3","HEATHROW, UK","","","19",",S","6",",S","1",",S","","","","","","","","","","","","","29.0",",,S,14,","","","","","","","65.3",",,,S","","","","","",""
"UKM00003772","2006-09","51.478","-0.461","25.3","HEATHROW, UK","","","11","1,S","8","1,S","0","1,S","","","","","","","","","","","","","16.3","1,,S,14,","","","","","","","64.8","1,,,S","","","","","",""
"UKM00003772","2006-10","51.478","-0.461","25.3","HEATHROW, UK","","","22",",S","10",",S","0",",S","0","5,S","11","5,S","","","","","","","0.0","5,S,31,+","14.2",",,S,24,","","","","","","","77.3",",,,S","","","","","1.48","5,,,S"
"UKM00003772","2006-11","51.478","-0.461","25.3","HEATHROW, UK","","","22",",S","11",",S","0",",S","","","","","","","","","","","","","19.3",",,S,18,","","","","","","","96.9",",,,S","","","","","",""
"UKM00003772","2006-12","51.478","-0.461","25.3","HEATHROW, UK","","","23",",S","8",",S","0",",S","","","","","","","","","","","","","13.2",",,S,31,","","","","","","","57.0",",,,S","","","","","",""
"UKM00003772","2007-01","51.478","-0.461","25.3","HEATHROW, UK","","","19",",S","7",",S","0",",S","","","","","","","","","","","","","12.7",",,S,07,","","","","","","","65.2",",,,S","","","","","",""
"UKM00003772","2007-02","51.478","-0.461","25.3","HEATHROW, UK","","","19","1,S","13","1,S","0","1,S","","","","","","","","","","","","","13.5","1,,S,14,","","","","","","","77.2","1,,,S","","","","","",""
"UKM00003772","2007-03","51.478","-0.461","25.3","HEATHROW, UK","","","16","1,S","6","1,S","0","1,S","","","","","","","","","","","","","10.9","1,,S,06,","","","","","","","50.9","1,,,S","","","","","",""
"UKM00003772","2007-04","51.478","-0.461","25.3","HEATHROW, UK","","","3","1,S","0","1,S","0","1,S","","","","","","","","","","","","","2.3","1,,S,27,","","","","","","","3.3","1,,,S","","","","","",""
"UKM00003772","2007-05","51.478","-0.461","25.3","HEATHROW, UK","","","17",",S","10",",S","1",",S","","","","","","","","","","","","","27.7",",,S,28,","","","","","","","79.9",",,,S","","","","","",""
"UKM00003772","2007-06","51.478","-0.461","25.3","HEATHROW, UK","","","16",",S","10",",S","0",",S","","","","","","","","","","","","","10.2",",,S,25,","","","","","","","50.8",",,,S","","","","","",""
"UKM00003772","2007-07","51.478","-0.461","25.3","HEATHROW, UK","","","20",",S","12",",S","1",",S","","","","","","","","","","","","","37.8",",,S,21,","","","","","","","128.8",",,,S","","","","","",""
"UKM00003772","2007-08","51.478","-0.461","25.3","HEATHROW, UK","","","13","1,S","5","1,S","0","1,S","","","","","","","","","","","","","12.7","1,,S,16,","","","","","","","41.7","1,,,S","","","","","",""
"UKM00003772","2007-09","51.478","-0.461","25.3","HEATHROW, UK","","","11",",S","2",",S","0",",S","","","","","","","","","","","","","8.9",",,S,25,","","","","","","","15.7",",,,S","","","","","",""
"UKM00003772","2007-10","51.478","-0.461","25.3","HEATHROW, UK","","","15",",S","4",",S","0",",S","","","","","","","","","","","","","16.0",",,S,10,","","","","","","","40.9",",,,S","","","","","",""
"UKM00003772","2007-11","51.478","-0.461","25.3","HEATHROW, UK","","","17",",S","6",",S","1",",S","","","","","","","","","","","","","25.4",",,S,20,","","","","","","","74.9",",,,S","","","","","",""
"UKM00003772","2007-12","51.478","-0.461","25.3","HEATHROW, UK","","","18",",S","7",",S","0",",S","","","","","","","","","","","","","10.7",",,S,01,","","","","","","","56.0",",,,S","","","","","",""
"UKM00003772","2008-01","51.478","-0.461","25.3","HEATHROW, UK","","","18",",S","10",",S","0",",S","","","","","","","","","","","","","14.7",",,S,12,","","","","","","","65.8",",,,S","","","","","",""
"UKM00003772","2008-02","51.478","-0.461","25.3","HEATHROW, UK","","","12","1,S","3","1,S","0","1,S","","","","","","","","","","","","","4.8","1,,S,05,","","","","","","","17.4","1,,,S","","","","","",""
"UKM00003772","2008-03","51.478","-0.461","25.3","HEATHROW, UK","","","22",",S","8",",S","0",",S","","","","","","","","","","","","","16.0",",,S,11,","","","","","","","71.3",",,,S","","","","","",""
"UKM00003772","2008-04","51.478","-0.461","25.3","HEATHROW, UK","","","21",",S","7",",S","0",",S","","","","","","","","","","","","","13.2",",,S,30,","","","","","","","50.6",",,,S","","","","","",""
"UKM00003772","2008-05","51.478","-0.461","25.3","HEATHROW, UK","","","14","1,S","8","1,S","0","1,S","","","","","","","","","","","","","21.1","1,,S,27,","","","","","","","77.9","1,,,S","","","","","",""
"UKM00003772","2008-06","51.478","-0.461","25.3","HEATHROW, UK","","","11",",S","4",",S","0",",S","","","","","","","","","","","","","23.4",",,S,04,","","","","","","","46.6",",,,S","","","","","",""
"UKM00003772","2008-07","51.478","-0.461","25.3","HEATHROW, UK","","","11",",S","5",",S","1",",S","","","","","","","","","","","","","26.4",",,S,29,","","","","","","","76.8",",,,S","","","","","",""
"UKM00003772","2008-08","51.478","-0.461","25.3","HEATHROW, UK","","","21",",S","7",",S","0",",S","","","","","","","","","","","","","7.6",",,S,13,","","","","","","","47.2",",,,S","","","","","",""
"UKM00003772","2008-09","51.478","-0.461","25.3","HEATHROW, UK","","","17",",S","6",",S","0",",S","","","","","","","","","","","","","18.0",",,S,01,","","","","","","","55.4",",,,S","","","","","",""
"UKM00003772","2008-10","51.478","-0.461","25.3","HEATHROW, UK","","","23",",S","6",",S","0",",S","","","","","","","","","","","","","9.1",",,S,29,+","","","","","","","51.7",",,,S","","","","","",""
"UKM00003772","2008-11","51.478","-0.461","25.3","HEATHROW, UK","","","20",",S","3",",S","0",",S","","","","","","","","","","","","","13.7",",,S,02,","","","","","","","39.1",",,,S","","","","","",""
"UKM00003772","2008-12","51.478","-0.461","25.3","HEATHROW, UK","","","13",",S","4",",S","1",",S","0","3,S","28","3,S","","","","","","","-3.6","3,S,30,","29.5",",,S,14,","","","","","","","45.1",",,,S","","","","","-0.54","3,,,S"
"UKM00003772","2009-01","51.478","-0.461","25.3","HEATHROW, UK","","","18",",S","9",",S","0",",S","0","4,S","27","4,S","","","","","","","-6.8","4,S,07,","14.7",",,S,18,","","","","","","","73.1",",,,S","","","","","-0.93","4,,,S"
"UKM00003772","2009-02","51.478","-0.461","25.3","HEATHROW, UK","","","15","2,S","7","2,S","1","2,S","","","","","","","","","","","","","32.5","2,,S,10,","","","","","","","69.9","2,,,S","","","","","",""
"UKM00003772","2009-03","51.478","-0.461","25.3","HEATHROW, UK","","","14",",S","3",",S","0",",S","","","","","","","","","","","","","17.8",",,S,04,","","","","","","","30.4",",,,S","","","","","",""
"UKM00003772","2009-04","51.478","-0.461","25.3","HEATHROW, UK","","","9",",S","5",",S","0",",S","","","","","","","","","","","","","6.4",",,S,11,","","","","","","","28.0",",,,S","","","","","",""
"UKM00003772","2009-05","51.478","-0.461","25.3","HEATHROW, UK","","","11",",S","4",",S","0",",S","","","","","0","5,S","6","5,S","0","5,S","","","10.7",",,S,15,","25.6","5,S,31,","","","","","30.1",",,,S","","","19.20","5,,,S","",""
"UKM00003772","2009-06","51.478","-0.461","25.3","HEATHROW, UK","","","10","1,S","5","1,S","0","1,S","","","","","","","","","","","","","11.7","1,,S,07,","","","","","","","31.6","1,,,S","","","","","",""
"UKM00003772","2009-07","51.478","-0.461","25.3","HEATHROW, UK","","","23",",S","9",",S","0",",S","","","","","","","","","","","","","9.9",",,S,17,","","","","","","","72.2",",,,S","","","","","",""
"UKM00003772","2009-08","51.478","-0.461","25.3","HEATHROW, UK","","","9","1,S","2","1,S","0","1,S","","","","","","","","","","","","","17.8","1,,S,07,","","","","","","","35.9","1,,,S","","","","","",""
"UKM00003772","2009-09","51.478","-0.461","25.3","HEATHROW, UK","","","4",",S","2",",S","0",",S","","","","","","","","","","","","","21.6",",,S,16,","","","","","","","35.9",",,,S","","","","","",""
"UKM00003772","2009-10","51.478","-0.461","25.3","HEATHROW, UK","","","19",",S","6",",S","0",",S","0","4,S","27","4,S","","","","","","","-4.0","4,S,13,","11.7",",,S,08,","","","","","","","35.9",",,,S","","","","","-0.51","4,,,S"
"UKM00003772","2009-11","51.478","-0.461","25.3","HEATHROW, UK","","","25",",S","14",",S","0",",S","","","","","","","","","","","","","20.6",",,S,30,","","","","","","","142.0",",,,S","","","","","",""
"UKM00003772","2009-12","51.478","-0.461","25.3","HEATHROW, UK","","","28",",S","11",",S","0",",S","","","","","","","","","","","","","13.7",",,S,03,","","","","","","","95.4",",,,S","","","","","",""
"UKM00003772","2010-01","51.478","-0.461","25.3","HEATHROW, UK","","","20",",S","7",",S","0",",S","","","","","","","","","","","","","10.2",",,S,17,","","","","","","","52.3",",,,S","","","","","",""
"UKM00003772","2010-02","51.478","-0.461","25.3","HEATHROW, UK","","","23",",S","9",",S","0",",S","","","","","","","","","","","","","24.6",",,S,17,","","","","","","","89.5",",,,S","","","","","",""
"UKM00003772","2010-03","51.478","-0.461","25.3","HEATHROW, UK","","","14",",S","8",",S","0",",S","","","","","0","4,S","0","4,S","0","4,S","","","11.4",",,S,01,","17.5","4,S,24,","","","","","50.9",",,,S","","","11.31","4,,,S","",""
"UKM00003772","2010-04","51.478","-0.461","25.3","HEATHROW, UK","","","8",",S","3",",S","0",",S","","","","","0",",S","1",",S","0",",S","","","9.1",",,S,03,","21.4",",S,28,","","","","","21.8",",,,S","","","15.84",",,,S","",""
"UKM00003772","2010-05","51.478","-0.461","25.3","HEATHROW, UK","","","11",",S","4",",S","0",",S","","","","","0","4,S","6","4,S","0","4,S","","","9.4",",,S,03,","28.8","4,S,24,","","","","","23.7",",,,S","","","17.83","4,,,S","",""
"UKM00003772","2010-06","51.478","-0.461","25.3","HEATHROW, UK","","","9",",S","1",",S","0",",S","","","","","","","","","","","","","2.5",",,S,09,","","","","","","","7.5",",,,S","","","","","",""
"UKM00003772","2010-07","51.478","-0.461","25.3","HEATHROW, UK","","","6","1,S","2","1,S","0","1,S","","","","","0","3,S","27","3,S","0","3,S","","","6.6","1,,S,15,","31.2","3,S,09,","","","","","17.0","1,,,S","","","24.88","3,,,S","",""
"UKM00003772","2010-08","51.478","-0.461","25.3","HEATHROW, UK","","","17",",S","8",",S","0",",S","","","","","0","2,S","17","2,S","0","2,S","","","21.1",",,S,23,","25.4","2,S,16,","","","","","93.6",",,,S","","","21.56","2,,,S","",""
"UKM00003772","2010-09","51.478","-0.461","25.3","HEATHROW, UK","","","13","1,S","3","1,S","0","1,S","","","","","","","","","","","","","10.9","1,,S,24,","","","","","","","31.0","1,,,S","","","","","",""
"UKM00003772","2010-10","51.478","-0.461","25.3","HEATHROW, UK","","","14","1,S","8","1,S","0","1,S","","","","","","","","","","","","","21.8","1,,S,03,","","","","","","","62.0","1,,,S","","","","","",""
"UKM00003772","2010-11","51.478","-0.461","25.3","HEATHROW, UK","","","13","3,S","5","3,S","0","3,S","","","","","","","","","","","","","6.6","3,,S,06,","","","","","","","24.9","3,,,S","","","","","",""
"UKM00003772","2010-12","51.478","-0.461","25.3","HEATHROW, UK","","","15",",S","3",",S","0",",S","","","","","","","","","","","","","5.6",",,S,28,","","","","","","","19.5",",,,S","","","","","",""
"UKM00003772","2011-01","51.478","-0.461","25.3","HEATHROW, UK","","","19",",S","7",",S","0",",S","","","","","","","","","","","","","14.0",",,S,17,","","","","","","","77.7",",,,S","","","","","",""
"UKM00003772","2011-02","51.478","-0.461","25.3","HEATHROW, UK","","","13",",S","7",",S","0",",S","","","","","","","","","","","","","11.2",",,S,19,","","","","","","","43.0",",,,S","","","","","",""
"UKM00003772","2011-03","51.478","-0.461","25.3","HEATHROW, UK","","","8",",S","2",",S","0",",S","","","","","","","","","","","","","5.3",",,S,31,","","","","","","","14.4",",,,S","","","","","",""
"UKM00003772","2011-04","51.478","-0.461","25.3","HEATHROW, UK","","","4",",S","0",",S","0",",S","","","","","0","3,S","10","3,S","0","3,S","","","1.5",",,S,05,","27.4","3,S,23,","","","","","2.6",",,,S","","","19.75","3,,,S","",""
"UKM00003772","2011-05","51.478","-0.461","25.3","HEATHROW, UK","","","7","2,S","3","2,S","0","2,S","","","","","0","4,S","5","4,S","0","4,S","","","9.4","2,,S,08,","25.0","4,S,06,","","","","","25.0","2,,,S","","","19.50","4,,,S","",""
"UKM00003772","2011-06","51.478","-0.461","25.3","HEATHROW, UK","","","15",",S","9",",S","0",",S","","","","","0","4,S","10","4,S","0","4,S","","","18.0",",,S,06,","31.2","4,S,27,","","","","","79.3",",,,S","","","20.98","4,,,S","",""
"UKM00003772","2011-07","51.478","-0.461","25.3","HEATHROW, UK","","","11",",S","4",",S","0",",S","","","","","0","5,S","13","5,S","0","5,S","","","21.1",",,S,20,","25.9","5,S,05,","","","","","48.4",",,,S","","","21.77","5,,,S","",""
"UKM00003772","2011-08","51.478","-0.461","25.3","HEATHROW, UK","","","12","2,S","8","2,S","0","2,S","","","","","0","4,S","17","4,S","0","4,S","","","15.7","2,,S,19,","30.1","4,S,03,","","","","","66.8","2,,,S","","","21.89","4,,,S","",""
"UKM00003772","2011-09","51.478","-0.461","25.3","HEATHROW, UK","","","15",",S","5",",S","0",",S","","","","","0","1,S","13","1,S","0","1,S","","","16.5",",,S,06,","28.5","1,S,30,","","","","","34.8",",,,S","","","21.41","1,,,S","",""
"UKM00003772","2011-10","51.478","-0.461","25.3","HEATHROW, UK","","","11",",S","2",",S","0",",S","","","","","0","2,S","4","2,S","0","2,S","","","3.0",",,S,26,+","28.8","2,S,01,","","","","","12.7",",,,S","","","18.24","2,,,S","",""
"UKM00003772","2011-11","51.478","-0.461","25.3","HEATHROW, UK","","","12",",S","3",",S","0",",S","","","","","","","","","","","","","13.7",",,S,04,","","","","","","","26.9",",,,S","","","","","",""
"UKM00003772","2011-12","51.478","-0.461","25.3","HEATHROW, UK","","","19",",S","8",",S","0",",S","","","","","","","","","","","","","16.0",",,S,13,","","","","","","","56.7",",,,S","","","","","",""
"UKM00003772","2012-01","51.478","-0.461","25.3","HEATHROW, UK","","","14",",S","4",",S","0",",S","","","","","","","","","","","","","7.9",",,S,24,+","","","","","","","30.9",",,,S","","","","","",""
"UKM00003772","2012-02","51.478","-0.461","25.3","HEATHROW, UK","","","7",",S","2",",S","0",",S","","","","","","","","","","","","","7.9",",,S,06,","","","","","","","16.8",",,,S","","","","","",""
"UKM00003772","2012-03","51.478","-0.461","25.3","HEATHROW, UK","","","7",",S","2",",S","0",",S","","","","","0","3,S","1","3,S","0","3,S","","","9.4",",,S,04,","22.8","3,S,28,","","","","","17.4",",,,S","","","14.55","3,,,S","",""
"UKM00003772","2012-04","51.478","-0.461","25.3","HEATHROW, UK","","","22",",S","14",",S","0",",S","","","","","0","2,S","0","2,S","0","2,S","","","17.3",",,S,29,","19.2","2,S,30,","","","","","87.8",",,,S","","","13.48","2,,,S","",""
"UKM00003772","2012-05","51.478","-0.461","25.3","HEATHROW, UK","","","8",",S","5",",S","0",",S","","","","","0","3,S","9","3,S","0","3,S","","","6.1",",,S,10,","27.6","3,S,27,","","","","","25.9",",,,S","","","18.52","3,,,S","",""
"UKM00003772","2012-06","51.478","-0.461","25.3","HEATHROW, UK","","","16",",S","11",",S","1",",S","","","","","0","2,S","8","2,S","0","2,S","","","29.0",",,S,11,","27.6","2,S,28,","","","","","101.7",",,,S","","","19.65","2,,,S","",""
"UKM00003772","2012-07","51.478","-0.461","25.3","HEATHROW, UK","","","16",",S","8",",S","0",",S","","","","","0","5,S","9","5,S","0","5,S","","","8.9",",,S,13,","30.2","5,S,25,","","","","","56.9",",,,S","","","21.28","5,,,S","",""
"UKM00003772","2012-08","51.478","-0.461","25.3","HEATHROW, UK","","","14",",S","4",",S","0",",S","","","","","0","2,S","25","2,S","0","2,S","","","12.7",",,S,25,","30.5","2,S,19,","","","","","35.4",",,,S","","","23.61","2,,,S","",""
"UKM00003772","2012-09","51.478","-0.461","25.3","HEATHROW, UK","","","8",",S","3",",S","0",",S","","","","","","","","","","","","","21.8",",,S,24,","","","","","","","36.9",",,,S","","","","","",""
"UKM00003772","2012-10","51.478","-0.461","25.3","HEATHROW, UK","","","20","1,S","8","1,S","0","1,S","","","","","","","","","","","","","14.0","1,,S,06,","","","","","","","76.1","1,,,S","","","","","",""
"UKM00003772","2012-11","51.478","-0.461","25.3","HEATHROW, UK","","","15",",S","7",",S","0",",S","","","","","","","","","","","","","16.0",",,S,04,","","","","","","","65.4",",,,S","","","","","",""
"UKM00003772","2012-12","51.478","-0.461","25.3","HEATHROW, UK","","","19","1,S","9","1,S","0","1,S","","","","","","","","","","","","","20.3","1,,S,20,","","","","","","","84.0","1,,,S","","","","","",""
"UKM00003772","2013-01","51.478","-0.461","25.3","HEATHROW, UK","","","19",",S","7",",S","0",",S","","","","","","","","","","","","","9.9",",,S,27,","","","","","","","40.6",",,,S","","","","","",""
"UKM00003772","2013-02","51.478","-0.461","25.3","HEATHROW, UK","","","17",",S","5",",S","0",",S","","","","","0","5,S","0","5,S","0","5,S","","","17.5",",,S,11,","12.1","5,S,14,","","","","","38.9",",,,S","","","6.42","5,,,S","",""
"UKM00003772","2013-03","51.478","-0.461","25.3","HEATHROW, UK","","","14",",S","6",",S","0",",S","","","","","","","","","","","","","9.1",",,S,23,","","","","","","","48.2",",,,S","","","","","",""
"UKM00003772","2013-04","51.478","-0.461","25.3","HEATHROW, UK","","","10",",S","5",",S","0",",S","","","","","0","1,S","1","1,S","0","1,S","","","10.4",",,S,11,","22.8","1,S,25,","","","","","33.9",",,,S","","","13.55","1,,,S","",""
"UKM00003772","2013-05","51.478","-0.461","25.3","HEATHROW, UK","","","17",",S","4",",S","0",",S","","","","","0","5,S","3","5,S","0","5,S","","","14.0",",,S,29,","22.6","5,S,07,","","","","","41.3",",,,S","","","16.21","5,,,S","",""
"UKM00003772","2013-06","51.478","-0.461","25.3","HEATHROW, UK","","","11",",S","1",",S","0",",S","","","","","0","4,S","11","4,S","0","4,S","","","3.0",",,S,16,","27.2","4,S,30,","","","","","12.0",",,,S","","","20.34","4,,,S","",""
"UKM00003772","2013-07","51.478","-0.461","25.3","HEATHROW, UK","","","9",",S","4",",S","0",",S","","","","","0","5,S","25","5,S","1","5,S","","","8.6",",,S,25,","33.5","5,S,22,","","","","","25.4",",,,S","","","26.50","5,,,S","",""
"UKM00003772","2013-08","51.478","-0.461","25.3","HEATHROW, UK","","","13",",S","3",",S","0",",S","","","","","0","4,S","26","4,S","1","4,S","","","11.7",",,S,06,","34.1","4,S,01,","","","","","33.1",",,,S","","","24.41","4,,,S","",""
"UKM00003772","2013-09","51.478","-0.461","25.3","HEATHROW, UK","","","14",",S","4",",S","1",",S","","","","","","","","","","","","","29.7",",,S,14,","","","","","","","50.3",",,,S","","","","","",""
"UKM00003772","2013-10","51.478","-0.461","25.3","HEATHROW, UK","","","17","1,S","5","1,S","0","1,S","","","","","","","","","","","","","12.2","1,,S,21,","","","","","","","49.5","1,,,S","","","","","",""
"UKM00003772","2013-11","51.478","-0.461","25.3","HEATHROW, UK","","","17",",S","6",",S","0",",S","","","","","","","","","","","","","14.7",",,S,04,","","","","","","","50.3",",,,S","","","","","",""
"UKM00003772","2013-12","51.478","-0.461","25.3","HEATHROW, UK","","","19",",S","9",",S","1",",S","","","","","","","","","","","","","26.9",",,S,24,","","","","","","","92.8",",,,S","","","","","",""
"UKM00003772","2014-01","51.478","-0.461","25.3","HEATHROW, UK","","","28",",S","18",",S","0",",S","","","","","","","","","","","","","19.1",",,S,30,","","","","","","","148.3",",,,S","","","","","",""
"UKM00003772","2014-02","51.478","-0.461","25.3","HEATHROW, UK","","","18",",S","10",",S","0",",S","","","","","","","","","","","","","19.8",",,S,01,","","","","","","","102.8",",,,S","","","","","",""
"UKM00003772","2014-03","51.478","-0.461","25.3","HEATHROW, UK","","","10",",S","5",",S","0",",S","","","","","","","","","","","","","7.1",",,S,03,","","","","","","","32.3",",,,S","","","","","",""
"UKM00003772","2014-04","51.478","-0.461","25.3","HEATHROW, UK","","","11",",S","5",",S","1",",S","","","","","","","","","","","","","26.9",",,S,22,","","","","","","","56.4",",,,S","","","","","",""
"UKM00003772","2014-05","51.478","-0.461","25.3","HEATHROW, UK","","","17",",S","11",",S","0",",S","","","","","","","","","","","","","10.9",",,S,27,","","","","","","","88.1",",,,S","","","","","",""
"UKM00003772","2014-06","51.478","-0.461","25.3","HEATHROW, UK","","","10",",S","6",",S","0",",S","","","","","","","","","","","","","13.7",",,S,29,","","","","","","","40.7",",,,S","","","","","",""
"UKM00003772","2014-07","51.478","-0.461","25.3","HEATHROW, UK","","","12",",S","5",",S","0",",S","","","","","0","4,S","26","4,S","0","4,S","","","16.5",",,S,29,","30.3","4,S,18,","","","","","50.3",",,,S","","","26.07","4,,,S","",""
"UKM00003772","2014-08","51.478","-0.461","25.3","HEATHROW, UK","","","21",",S","7",",S","0",",S","","","","","0",",S","18",",S","0",",S","","","22.1",",,S,09,","26.4",",S,06,","","","","","98.4",",,,S","","","21.71",",,,S","",""
"UKM00003772","2014-09","51.478","-0.461","25.3","HEATHROW, UK","","","7",",S","1",",S","0",",S","","","","","0","3,S","17","3,S","0","3,S","","","5.6",",,S,19,","24.7","3,S,28,","","","","","10.8",",,,S","","","21.32","3,,,S","",""
"UKM00003772","2014-10","51.478","-0.461","25.3","HEATHROW, UK","","","23",",S","8",",S","0",",S","","","","","0","5,S","4","5,S","0","5,S","","","21.6",",,S,13,","22.9","5,S,31,","","","","","76.9",",,,S","","","17.96","5,,,S","",""
"UKM00003772","2014-11","51.478","-0.461","25.3","HEATHROW, UK","","","23",",S","14",",S","0",",S","","","","","","","","","","","","","17.5",",,S,05,","","","","","","","128.1",",,,S","","","","","",""
"UKM00003772","2014-12","51.478","-0.461","25.3","HEATHROW, UK","","","18",",S","4",",S","0",",S","","","","","","","","","","","","","8.9",",,S,27,","","","","","","","38.3",",,,S","","","","","",""
"UKM00003772","2015-01","51.478","-0.461","25.3","HEATHROW, UK","","","25",",S","6",",S","0",",S","","","","","","","","","","","","","13.7",",,S,13,","","","","","","","60.9",",,,S","","","","","",""
"UKM00003772","2015-02","51.478","-0.461","25.3","HEATHROW, UK","","","16",",S","6",",S","0",",S","","","","","","","","","","","","","7.1",",,S,14,","","","","","","","40.8",",,,S","","","","","",""
"UKM00003772","2015-03","51.478","-0.461","25.3","HEATHROW, UK","","","11",",S","5",",S","0",",S","","","","","","","","","","","","","5.1",",,S,27,","","","","","","","25.9",",,,S","","","","","",""
"UKM00003772","2015-04","51.478","-0.461","25.3","HEATHROW, UK","","","9","1,S","2","1,S","0","1,S","","","","","0","4,S","3","4,S","0","4,S","","","5.3","1,,S,26,","24.6","4,S,15,","","","","","15.9","1,,,S","","","16.60","4,,,S","",""
"UKM00003772","2015-05","51.478","-0.461","25.3","HEATHROW, UK","","","12","2,S","5","2,S","0","2,S","","","","","0","3,S","1","3,S","0","3,S","","","7.1","2,,S,05,","21.6","3,S,11,","","","","","25.4","2,,,S","","","17.77","3,,,S","",""
"UKM00003772","2015-06","51.478","-0.461","25.3","HEATHROW, UK","","","10",",S","2",",S","0",",S","","","","","0",",S","17",",S","0",",S","","","5.8",",,S,22,","30.3",",S,30,","","","","","12.7",",,,S","","","22.16",",,,S","",""
"UKM00003772","2015-07","51.478","-0.461","25.3","HEATHROW, UK","","","15",",S","5",",S","1",",S","","","","","0","2,S","22","2,S","1","2,S","","","37.6",",,S,25,","36.7","2,S,01,","","","","","72.1",",,,S","","","23.54","2,,,S","",""
"UKM00003772","2015-08","51.478","-0.461","25.3","HEATHROW, UK","","","13",",S","10",",S","1",",S","","","","","","","","","","","","","48.0",",,S,27,","","","","","","","105.8",",,,S","","","","","",""
"UKM00003772","2015-09","51.478","-0.461","25.3","HEATHROW, UK","","","17",",S","5",",S","0",",S","","","","","0","1,S","3","1,S","0","1,S","","","18.8",",,S,17,","22.3","1,S,11,","","","","","61.7",",,,S","","","18.77","1,,,S","",""
"UKM00003772","2015-10","51.478","-0.461","25.3","HEATHROW, UK","","","15",",S","7",",S","0",",S","","","","","","","","","","","","","11.2",",,S,06,","","","","","","","40.2",",,,S","","","","","",""
"UKM00003772","2015-11","51.478","-0.461","25.3","HEATHROW, UK","","","22",",S","7",",S","0",",S","","","","","","","","","","","","","7.9",",,S,08,","","","","","","","47.2",",,,S","","","","","",""
"UKM00003772","2015-12","51.478","-0.461","25.3","HEATHROW, UK","","","20",",S","4",",S","0",",S","","","","","","","","","","","","","7.1",",,S,31,","","","","","","","39.0",",,,S","","","","","",""
"UKM00003772","2016-01","51.478","-0.461","25.3","HEATHROW, UK","","","20",",S","10",",S","0",",S","","","","","","","","","","","","","11.4",",,S,11,","","","","","","","73.9",",,,S","","","","","",""
"UKM00003772","2016-02","51.478","-0.461","25.3","HEATHROW, UK","","","16",",S","4",",S","0",",S","","","","","","","","","","","","","14.5",",,S,08,","","","","","","","45.6",",,,S","","","","","",""
"UKM00003772","2016-03","51.478","-0.461","25.3","HEATHROW, UK","","","13","1,S","9","1,S","0","1,S","","","","","","","","","","","","","17.8","1,,S,28,","","","","","","","73.4","1,,,S","","","","","",""
"UKM00003772","2016-04","51.478","-0.461","25.3","HEATHROW, UK","","","19",",S","6",",S","0",",S","","","","","","","","","","","","","16.5",",,S,16,","","","","","","","47.8",",,,S","","","","","",""
"UKM00003772","2016-05","51.478","-0.461","25.3","HEATHROW, UK","","","9",",S","5",",S","1",",S","","","","","","","","","","","","","27.7",",,S,11,","","","","","","","48.6",",,,S","","","","","",""
"UKM00003772","2016-06","51.478","-0.461","25.3","HEATHROW, UK","","","18",",S","11",",S","0",",S","","","","","","","","","","","","","20.3",",,S,23,","","","","","","","105.4",",,,S","","","","","",""
"UKM00003772","2016-07","51.478","-0.461","25.3","HEATHROW, UK","","","12",",S","2",",S","0",",S","","","","","","","","","","","","","5.3",",,S,13,","","","","","","","16.8",",,,S","","","","","",""
"UKM00003772","2016-08","51.478","-0.461","25.3","HEATHROW, UK","","","7",",S","2",",S","0",",S","","","","","","","","","","","","","13.0",",,S,02,","","","","","","","21.7",",,,S","","","","","",""
"UKM00003772","2016-09","51.478","-0.461","25.3","HEATHROW, UK","","","12",",S","4",",S","0",",S","","","","","","","","","","","","","13.2",",,S,16,","","","","","","","39.5",",,,S","","","","","",""
"UKM00003772","2016-10","51.478","-0.461","25.3","HEATHROW, UK","","","10",",S","4",",S","0",",S","","","","","","","","","","","","","6.9",",,S,17,","","","","","","","24.8",",,,S","","","","","",""
"UKM00003772","2016-11","51.478","-0.461","25.3","HEATHROW, UK","","","17",",S","8",",S","0",",S","","","","","","","","","","","","","17.3",",,S,20,","","","","","","","87.0",",,,S","","","","","",""
"UKM00003772","2016-12","51.478","-0.461","25.3","HEATHROW, UK","","","11",",S","1",",S","0",",S","","","","","","","","","","","","","4.3",",,S,11,","","","","","","","10.6",",,,S","","","","","",""
"UKM00003772","2017-01","51.478","-0.461","25.3","HEATHROW, UK","","","17",",S","7",",S","0",",S","","","","","","","","","","","","","15.5",",,S,13,","","","","","","","57.9",",,,S","","","","","",""
"UKM00003772","2017-02","51.478","-0.461","25.3","HEATHROW, UK","","","19",",S","4",",S","0",",S","","","","","","","","","","","","","7.1",",,S,28,+","","","","","","","40.6",",,,S","","","","","",""
"UKM00003772","2017-03","51.478","-0.461","25.3","HEATHROW, UK","","","12",",S","4",",S","0",",S","","","","","","","","","","","","","6.1",",,S,04,","","","","","","","27.5",",,,S","","","","","",""
"UKM00003772","2017-04","51.478","-0.461","25.3","HEATHROW, UK","","","7",",S","0",",S","0",",S","","","","","","","","","","","","","1.5",",,S,27,","","","","","","","3.7",",,,S","","","","","",""
"UKM00003772","2017-05","51.478","-0.461","25.3","HEATHROW, UK","","","15",",S","5",",S","0",",S","","","","","","","","","","","","","18.5",",,S,18,","","","","","","","66.7",",,,S","","","","","",""
"UKM00003772","2017-06","51.478","-0.461","25.3","HEATHROW, UK","","","6",",S","4",",S","0",",S","","","","","","","","","","","","","16.3",",,S,28,+","","","","","","","46.4",",,,S","","","","","",""
"UKM00003772","2017-07","51.478","-0.461","25.3","HEATHROW, UK","","","15",",S","6",",S","1",",S","","","","","","","","","","","","","36.6",",,S,12,","","","","","","","90.9",",,,S","","","","","",""
"UKM00003772","2017-08","51.478","-0.461","25.3","HEATHROW, UK","","","14",",S","7",",S","0",",S","","","","","","","","","","","","","22.1",",,S,10,","","","","","","","57.6",",,,S","","","","","",""
"UKM00003772","2017-09","51.478","-0.461","25.3","HEATHROW, UK","","","21",",S","8",",S","0",",S","","","","","","","","","","","","","14.7",",,S,28,","","","","","","","58.4",",,,S","","","","","",""
"UKM00003772","2017-10","51.478","-0.461","25.3","HEATHROW, UK","","","14",",S","0",",S","0",",S","","","","","","","","","","","","","2.3",",,S,20,+","","","","","","","13.9",",,,S","","","","","",""
"UKM00003772","2017-11","51.478","-0.461","25.3","HEATHROW, UK","","","18",",S","5",",S","0",",S","","","","","","","","","","","","","6.6",",,S,11,","","","","","","","34.8",",,,S","","","","","",""
"UKM00003772","2017-12","51.478","-0.461","25.3","HEATHROW, UK","","","21",",S","11",",S","0",",S","","","","","","","","","","","","","15.0",",,S,11,","","","","","","","76.8",",,,S","","","","","",""
"UKM00003772","2018-01","51.478","-0.461","25.3","HEATHROW, UK","","","18",",S","8",",S","0",",S","","","","","","","","","","","","","13.7",",,S,22,","","","","","","","61.3",",,,S","","","","","",""
"UKM00003772","2018-02","51.478","-0.461","25.3","HEATHROW, UK","","","11",",S","5",",S","0",",S","","","","","","","","","","","","","5.8",",,S,04,","","","","","","","27.7",",,,S","","","","","",""
"UKM00003772","2018-03","51.478","-0.461","25.3","HEATHROW, UK","","","21",",S","12",",S","0",",S","","","","","","","","","","","","","12.7",",,S,31,","","","","","","","83.1",",,,S","","","","","",""
"UKM00003772","2018-04","51.478","-0.461","25.3","HEATHROW, UK","","","19",",S","7",",S","0",",S","","","","","","","","","","","","","11.9",",,S,10,","","","","","","","64.7",",,,S","","","","","",""
"UKM00003772","2018-05","51.478","-0.461","25.3","HEATHROW, UK","","","9",",S","5",",S","0",",S","","","","","","","","","","","","","19.3",",,S,24,","","","","","","","60.9",",,,S","","","","","",""
"UKM00003772","2018-06","51.478","-0.461","25.3","HEATHROW, UK","","","1",",S","0",",S","0",",S","","","","","","","","","","","","","0.5",",,S,18,","","","","","","","0.5",",,,S","","","","","",""
"UKM00003772","2018-07","51.478","-0.461","25.3","HEATHROW, UK","","","4",",S","3",",S","0",",S","","","","","","","","","","","","","6.1",",,S,30,","","","","","","","15.0",",,,S","","","","","",""
"UKM00003772","2018-08","51.478","-0.461","25.3","HEATHROW, UK","","","11",",S","6",",S","0",",S","","","","","","","","","","","","","10.9",",,S,27,","","","","","","","47.7",",,,S","","","","","",""
"UKM00003772","2018-09","51.478","-0.461","25.3","HEATHROW, UK","","","7","2,S","4","2,S","0","2,S","","","","","","","","","","","","","12.7","2,,S,24,","","","","","","","29.6","2,,,S","","","","","",""
"UKM00003772","2018-10","51.478","-0.461","25.3","HEATHROW, UK","","","10","1,S","4","1,S","1","1,S","","","","","","","","","","","","","36.3","1,,S,15,","","","","","","","57.2","1,,,S","","","","","",""
"UKM00003772","2018-11","51.478","-0.461","25.3","HEATHROW, UK","","","16",",S","10",",S","0",",S","","","","","","","","","","","","","21.3",",,S,11,","","","","","","","74.3",",,,S","","","","","",""
"UKM00003772","2018-12","51.478","-0.461","25.3","HEATHROW, UK","","","18",",S","8",",S","0",",S","","","","","","","","","","","","","10.4",",,S,16,","","","","","","","58.6",",,,S","","","","","",""
"UKM00003772","2019-01","51.478","-0.461","25.3","HEATHROW, UK","","","10",",S","5",",S","0",",S","","","","","","","","","","","","","5.6",",,S,27,","","","","","","","28.8",",,,S","","","","","",""
"UKM00003772","2019-02","51.478","-0.461","25.3","HEATHROW, UK","","","12",",S","6",",S","0",",S","","","","","","","","","","","","","7.9",",,S,09,+","","","","","","","37.7",",,,S","","","","","",""
"UKM00003772","2019-03","51.478","-0.461","25.3","HEATHROW, UK","","","16",",S","8",",S","0",",S","","","","","","","","","","","","","7.9",",,S,13,+","","","","","","","51.3",",,,S","","","","","",""
"UKM00003772","2019-04","51.478","-0.461","25.3","HEATHROW, UK","","","9",",S","2",",S","0",",S","","","","","","","","","","","","","4.3",",,S,03,","","","","","","","12.8",",,,S","","","","","",""
"UKM00003772","2019-05","51.478","-0.461","25.3","HEATHROW, UK","","","10",",S","4",",S","0",",S","","","","","","","","","","","","","13.7",",,S,09,","","","","","","","36.1",",,,S","","","","","",""
"UKM00003772","2019-06","51.478","-0.461","25.3","HEATHROW, UK","","","12",",S","6",",S","1",",S","","","","","","","","","","","","","34.0",",,S,11,","","","","","","","82.1",",,,S","","","","","",""
"UKM00003772","2019-07","51.478","-0.461","25.3","HEATHROW, UK","","","11",",S","5",",S","0",",S","","","","","","","","","","","","","17.5",",,S,20,","","","","","","","50.6",",,,S","","","","","",""
"UKM00003772","2019-08","51.478","-0.461","25.3","HEATHROW, UK","","","12",",S","4",",S","0",",S","","","","","","","","","","","","","11.7",",,S,15,","","","","","","","34.1",",,,S","","","","","",""
"UKM00003772","2019-09","51.478","-0.461","25.3","HEATHROW, UK","","","10",",S","6",",S","0",",S","","","","","","","","","","","","","23.1",",,S,25,","","","","","","","55.7",",,,S","","","","","",""
"UKM00003772","2019-10","51.478","-0.461","25.3","HEATHROW, UK","","","25",",S","11",",S","0",",S","","","","","","","","","","","","","15.7",",,S,06,","","","","","","","96.9",",,,S","","","","","",""
"UKM00003772","2019-11","51.478","-0.461","25.3","HEATHROW, UK","","","21",",S","9",",S","0",",S","","","","","","","","","","","","","17.3",",,S,14,","","","","","","","78.5",",,,S","","","","","",""
"UKM00003772","2019-12","51.478","-0.461","25.3","HEATHROW, UK","","","21",",S","12",",S","0",",S","","","","","","","","","","","","","11.2",",,S,13,","","","","","","","90.3",",,,S","","","","","",""
"UKM00003772","2020-01","51.478","-0.461","25.3","HEATHROW, UK","","","19",",S","7",",S","0",",S","","","","","","","","","","","","","9.9",",,S,15,","","","","","","","46.7",",,,S","","","","","",""
"UKM00003772","2020-02","51.478","-0.461","25.3","HEATHROW, UK","","","23",",S","12",",S","0",",S","","","","","","","","","","","","","12.7",",,S,17,+","","","","","","","94.3",",,,S","","","","","",""
"UKM00003772","2020-03","51.478","-0.461","25.3","HEATHROW, UK","","","16",",S","6",",S","0",",S","","","","","","","","","","","","","10.2",",,S,06,","","","","","","","50.3",",,,S","","","","","",""
"UKM00003772","2020-04","51.478","-0.461","25.3","HEATHROW, UK","","","7",",S","3",",S","0",",S","","","","","","","","","","","","","16.0",",,S,18,","","","","","","","34.3",",,,S","","","","","",""
"UKM00003772","2020-05","51.478","-0.461","25.3","HEATHROW, UK","","","4",",S","1",",S","0",",S","","","","","","","","","","","","","4.3",",,S,01,","","","","","","","6.4",",,,S","","","","","",""
"UKM00003772","2020-06","51.478","-0.461","25.3","HEATHROW, UK","","","18",",S","5",",S","0",",S","","","","","","","","","","","","","11.2",",,S,18,","","","","","","","53.4",",,,S","","","","","",""
"UKM00003772","2020-07","51.478","-0.461","25.3","HEATHROW, UK","","","13",",S","6",",S","0",",S","","","","","","","","","","","","","7.9",",,S,08,","","","","","","","35.5",",,,S","","","","","",""
"UKM00003772","2020-08","51.478","-0.461","25.3","HEATHROW, UK","","","13",",S","8",",S","0",",S","","","","","","","","","","","","","13.2",",,S,20,","","","","","","","58.5",",,,S","","","","","",""
"UKM00003772","2020-09","51.478","-0.461","25.3","HEATHROW, UK","","","10",",S","2",",S","0",",S","","","","","","","","","","","","","7.1",",,S,24,","","","","","","","17.1",",,,S","","","","","",""
"UKM00003772","2020-10","51.478","-0.461","25.3","HEATHROW, UK","","","23",",S","12",",S","2",",S","","","","","","","","","","","","","30.5",",,S,04,","","","","","","","138.7",",,,S","","","","","",""
"UKM00003772","2020-11","51.478","-0.461","25.3","HEATHROW, UK","","","20","1,S","6","1,S","0","1,S","","","","","","","","","","","","","17.0","1,,S,15,","","","","","","","58.0","1,,,S","","","","","",""
"UKM00003772","2020-12","51.478","-0.461","25.3","HEATHROW, UK","","","19",",S","8",",S","0",",S","","","","","","","","","","","","","15.0",",,S,04,","","","","","","","72.9",",,,S","","","","","",""
"UKM00003772","2021-01","51.478","-0.461","25.3","HEATHROW, UK","","","20",",S","10",",S","0",",S","","","","","","","","","","","","","20.3",",,S,28,","","","","","","","90.4",",,,S","","","","","",""
"UKM00003772","2021-02","51.478","-0.461","25.3","HEATHROW, UK","","","14","4,S","5","4,S","0","4,S","","","","","","","","","","","","","6.4","4,,S,05,","","","","","","","32.8","4,,,S","","","","","",""
